-- production_seed.sql
-- Generated by scripts/exportToProduction.js on 2026-05-30T17:21:33.743Z
-- Run with: psql "$DATABASE_URL" -f scripts/production_seed.sql
--
-- All statements use ON CONFLICT DO NOTHING — safe to re-run.

BEGIN;

-- ── users (2 records) ─────────────────────────────────────
INSERT INTO users (id, name, email, role, password_hash, created_at, last_login, active, must_change_password) VALUES ('user_1780021417565', 'Matthew Fabisch', 'fabisch@fabischlaw.com', 'attorney', '$2b$12$/U3lA3T1guCGe.wvKX1BC.tpKqk0NQ9mecB8NChPDheIKlzOTkDte', '2026-05-29T02:23:37.565Z', '2026-05-29T02:23:48.180Z', TRUE, TRUE) ON CONFLICT (id) DO NOTHING;
INSERT INTO users (id, name, email, role, password_hash, created_at, last_login, active, must_change_password) VALUES ('user_1780021417765', 'Murton Fabisch', 'admin@fabischlaw.com', 'firm_admin', '$2b$12$DFPz1iwpBEb6d67q/MQd9ORpFXNIZwGIcNBkYRIFsMIiHIbZOhV6W', '2026-05-29T02:23:37.765Z', NULL, TRUE, TRUE) ON CONFLICT (id) DO NOTHING;

-- ── matter_admin (31 records) ─────────────────────────────
INSERT INTO matter_admin (matter_id, stage, key_dates, notes, matter_type_overrides, task_assignments, staff, custom_notes, pending_matter_type_change, saved_matter_type) VALUES ('matter_089312CB288E47D5BB7472D4D7CECD27', 'APPOINTED', '{"dateOfDeath":"2025-06-28","appointmentDate":"2025-08-15","filingDate":"2025-08-01","publicationDate":"2025-07-15"}', NULL, '{"hasTrust":false,"proceedingType":"intestate","hasWill":false}', '{}', '[]', '', NULL, '{"state":"MA","proceedingType":"intestate","hasTrust":false,"isAncillary":false,"savedAt":"2026-05-21T16:25:48.829Z","savedBy":"manual"}') ON CONFLICT (matter_id) DO NOTHING;
INSERT INTO matter_admin (matter_id, stage, key_dates, notes, matter_type_overrides, task_assignments, staff, custom_notes, pending_matter_type_change, saved_matter_type) VALUES ('matter_AE7F94DC904D4DC19580BF5AA10FCFD5', 'PETITION_PREP', '{"dateOfDeath":null,"appointmentDate":null,"publicationDate":null,"firstPublicationDate":null,"nextHearingDate":"2026-06-15","nextHearingDescription":"Initial appointment hearing"}', NULL, '{}', '{}', '[]', '', NULL, NULL) ON CONFLICT (matter_id) DO NOTHING;
INSERT INTO matter_admin (matter_id, stage, key_dates, notes, matter_type_overrides, task_assignments, staff, custom_notes, pending_matter_type_change, saved_matter_type) VALUES ('matter_35F045EFB4824F4BB87E8D00670FC132', 'CLOSED', '{"dateOfDeath":null,"appointmentDate":null,"publicationDate":null,"firstPublicationDate":null,"nextHearingDate":null,"nextHearingDescription":null}', NULL, '{"hasTrust":false,"proceedingType":"intestate","hasWill":false}', '{}', '[]', '', NULL, NULL) ON CONFLICT (matter_id) DO NOTHING;
INSERT INTO matter_admin (matter_id, stage, key_dates, notes, matter_type_overrides, task_assignments, staff, custom_notes, pending_matter_type_change, saved_matter_type) VALUES ('matter_CF9079F8413F490FA14700409E8476CD', 'FILED', '{"dateOfDeath":null,"appointmentDate":null,"publicationDate":null,"firstPublicationDate":null,"nextHearingDate":null,"nextHearingDescription":null}', NULL, '{"state":"RI","hasWill":false,"proceedingType":"intestate"}', '{}', '[]', '', NULL, NULL) ON CONFLICT (matter_id) DO NOTHING;
INSERT INTO matter_admin (matter_id, stage, key_dates, notes, matter_type_overrides, task_assignments, staff, custom_notes, pending_matter_type_change, saved_matter_type) VALUES ('matter_16A4D736D4704CFCBEA8AD931311A74B', 'APPOINTED', '{"dateOfDeath":null,"appointmentDate":null,"publicationDate":null,"firstPublicationDate":null,"nextHearingDate":null,"nextHearingDescription":null}', NULL, '{"hasTrust":false,"proceedingType":"intestate"}', '{}', '[]', '', NULL, NULL) ON CONFLICT (matter_id) DO NOTHING;
INSERT INTO matter_admin (matter_id, stage, key_dates, notes, matter_type_overrides, task_assignments, staff, custom_notes, pending_matter_type_change, saved_matter_type) VALUES ('matter_6CD1104853114176A3349B2B686A4DEF', 'APPOINTED', '{"dateOfDeath":null,"appointmentDate":null,"publicationDate":null,"firstPublicationDate":null,"nextHearingDate":null,"nextHearingDescription":null}', NULL, '{}', '{}', '[]', '', NULL, NULL) ON CONFLICT (matter_id) DO NOTHING;
INSERT INTO matter_admin (matter_id, stage, key_dates, notes, matter_type_overrides, task_assignments, staff, custom_notes, pending_matter_type_change, saved_matter_type) VALUES ('matter_A2D7D94AC913472AAED7E28705293933', 'CLOSED', '{"dateOfDeath":null,"appointmentDate":null,"publicationDate":null,"firstPublicationDate":null,"nextHearingDate":null,"nextHearingDescription":null}', NULL, '{}', '{}', '[]', '', NULL, NULL) ON CONFLICT (matter_id) DO NOTHING;
INSERT INTO matter_admin (matter_id, stage, key_dates, notes, matter_type_overrides, task_assignments, staff, custom_notes, pending_matter_type_change, saved_matter_type) VALUES ('matter_740D24FF3F644039816284A69559E800', 'COMPLETE', '{"dateOfDeath":null,"appointmentDate":null,"publicationDate":null,"firstPublicationDate":null,"nextHearingDate":null,"nextHearingDescription":null}', NULL, '{}', '{}', '[]', '', NULL, NULL) ON CONFLICT (matter_id) DO NOTHING;
INSERT INTO matter_admin (matter_id, stage, key_dates, notes, matter_type_overrides, task_assignments, staff, custom_notes, pending_matter_type_change, saved_matter_type) VALUES ('matter_AE9EF6397E354B7EB8C6046F125CA0CA', 'CLOSED', '{"dateOfDeath":null,"appointmentDate":null,"publicationDate":null,"firstPublicationDate":null,"nextHearingDate":null,"nextHearingDescription":null}', NULL, '{}', '{}', '[]', '', NULL, NULL) ON CONFLICT (matter_id) DO NOTHING;
INSERT INTO matter_admin (matter_id, stage, key_dates, notes, matter_type_overrides, task_assignments, staff, custom_notes, pending_matter_type_change, saved_matter_type) VALUES ('matter_34CCAA02F260441B89C3F02D9759FB62', 'CLOSED', '{"dateOfDeath":null,"appointmentDate":null,"publicationDate":null,"firstPublicationDate":null,"nextHearingDate":null,"nextHearingDescription":null}', NULL, '{}', '{}', '[]', '', NULL, NULL) ON CONFLICT (matter_id) DO NOTHING;
INSERT INTO matter_admin (matter_id, stage, key_dates, notes, matter_type_overrides, task_assignments, staff, custom_notes, pending_matter_type_change, saved_matter_type) VALUES ('matter_55FCA675360A4046A54C05574AD679C6', 'APPOINTED', '{"dateOfDeath":null,"appointmentDate":null,"publicationDate":null,"firstPublicationDate":null,"nextHearingDate":null,"nextHearingDescription":null}', NULL, '{}', '{}', '[]', '', NULL, NULL) ON CONFLICT (matter_id) DO NOTHING;
INSERT INTO matter_admin (matter_id, stage, key_dates, notes, matter_type_overrides, task_assignments, staff, custom_notes, pending_matter_type_change, saved_matter_type) VALUES ('matter_E59109E41FBC4C7599AD146BF96D9C08', 'CLOSED', '{"dateOfDeath":null,"appointmentDate":null,"publicationDate":null,"firstPublicationDate":null,"nextHearingDate":null,"nextHearingDescription":null}', NULL, '{}', '{}', '[]', '', NULL, NULL) ON CONFLICT (matter_id) DO NOTHING;
INSERT INTO matter_admin (matter_id, stage, key_dates, notes, matter_type_overrides, task_assignments, staff, custom_notes, pending_matter_type_change, saved_matter_type) VALUES ('matter_DCED6603B89442958416F07CEE96A6D9', 'CLOSED', '{"dateOfDeath":null,"appointmentDate":null,"publicationDate":null,"firstPublicationDate":null,"nextHearingDate":null,"nextHearingDescription":null}', NULL, '{}', '{}', '[]', '', NULL, NULL) ON CONFLICT (matter_id) DO NOTHING;
INSERT INTO matter_admin (matter_id, stage, key_dates, notes, matter_type_overrides, task_assignments, staff, custom_notes, pending_matter_type_change, saved_matter_type) VALUES ('matter_438A3F9FD0C34344892BC6BDC4B04979', 'COMPLETE', '{"dateOfDeath":null,"appointmentDate":null,"publicationDate":null,"firstPublicationDate":null,"nextHearingDate":null,"nextHearingDescription":null}', NULL, '{}', '{}', '[]', '', NULL, NULL) ON CONFLICT (matter_id) DO NOTHING;
INSERT INTO matter_admin (matter_id, stage, key_dates, notes, matter_type_overrides, task_assignments, staff, custom_notes, pending_matter_type_change, saved_matter_type) VALUES ('matter_3391F5F05ADA4432884544349E2B4C17', 'CLOSED', '{"dateOfDeath":null,"appointmentDate":null,"publicationDate":null,"firstPublicationDate":null,"nextHearingDate":null,"nextHearingDescription":null}', NULL, '{}', '{}', '[]', '', NULL, NULL) ON CONFLICT (matter_id) DO NOTHING;
INSERT INTO matter_admin (matter_id, stage, key_dates, notes, matter_type_overrides, task_assignments, staff, custom_notes, pending_matter_type_change, saved_matter_type) VALUES ('matter_8A1F9C4A350F43EF9551857818FCC46A', 'IN_ADMINISTRATION', '{"dateOfDeath":null,"appointmentDate":"2025/12/04","publicationDate":null,"firstPublicationDate":null,"nextHearingDate":null,"nextHearingDescription":null}', NULL, '{"hasTrust":true,"proceedingType":"testate"}', '{}', '[]', '', NULL, NULL) ON CONFLICT (matter_id) DO NOTHING;
INSERT INTO matter_admin (matter_id, stage, key_dates, notes, matter_type_overrides, task_assignments, staff, custom_notes, pending_matter_type_change, saved_matter_type) VALUES ('matter_362827BB8306449C873E8D4E6710F778', 'APPOINTED', '{"dateOfDeath":null,"appointmentDate":null,"publicationDate":null,"firstPublicationDate":null,"nextHearingDate":null,"nextHearingDescription":null}', NULL, '{"state":"RI"}', '{}', '[]', '', NULL, '{"state":"RI","proceedingType":"testate","hasTrust":false,"isAncillary":false,"savedAt":"2026-05-24T16:22:28.647Z","savedBy":"manual"}') ON CONFLICT (matter_id) DO NOTHING;
INSERT INTO matter_admin (matter_id, stage, key_dates, notes, matter_type_overrides, task_assignments, staff, custom_notes, pending_matter_type_change, saved_matter_type) VALUES ('matter_65FAFB918C9B4B02A65F4DB32FAF7D53', 'IN_ADMINISTRATION', '{"dateOfDeath":null,"appointmentDate":null,"publicationDate":null,"firstPublicationDate":null,"nextHearingDate":null,"nextHearingDescription":null}', NULL, '{}', '{}', '[]', '', NULL, NULL) ON CONFLICT (matter_id) DO NOTHING;
INSERT INTO matter_admin (matter_id, stage, key_dates, notes, matter_type_overrides, task_assignments, staff, custom_notes, pending_matter_type_change, saved_matter_type) VALUES ('matter_942CEA43D0FD46F2A3FCB18EBFD8DCEB', 'APPOINTED', '{"dateOfDeath":null,"appointmentDate":null,"publicationDate":null,"firstPublicationDate":null,"nextHearingDate":null,"nextHearingDescription":null}', NULL, '{}', '{}', '[]', '', NULL, NULL) ON CONFLICT (matter_id) DO NOTHING;
INSERT INTO matter_admin (matter_id, stage, key_dates, notes, matter_type_overrides, task_assignments, staff, custom_notes, pending_matter_type_change, saved_matter_type) VALUES ('matter_EBB1E0F5929145EF8C217A04E01FDBB1', 'FILED', '{"dateOfDeath":null,"appointmentDate":null,"publicationDate":null,"firstPublicationDate":null,"nextHearingDate":null,"nextHearingDescription":null}', NULL, '{}', '{}', '[]', '', NULL, NULL) ON CONFLICT (matter_id) DO NOTHING;
INSERT INTO matter_admin (matter_id, stage, key_dates, notes, matter_type_overrides, task_assignments, staff, custom_notes, pending_matter_type_change, saved_matter_type) VALUES ('test123', 'FILED', '{"dateOfDeath":null,"appointmentDate":null,"publicationDate":null,"firstPublicationDate":null,"nextHearingDate":null,"nextHearingDescription":null}', NULL, '{}', '{}', '[]', '', NULL, NULL) ON CONFLICT (matter_id) DO NOTHING;
INSERT INTO matter_admin (matter_id, stage, key_dates, notes, matter_type_overrides, task_assignments, staff, custom_notes, pending_matter_type_change, saved_matter_type) VALUES ('matter_BA1D58EEC50C4B2BB07AAE999A3D730C', 'REVIEW', '{"dateOfDeath":null,"appointmentDate":null,"publicationDate":null,"firstPublicationDate":null,"nextHearingDate":null,"nextHearingDescription":null}', NULL, '{}', '{}', '[]', '', NULL, NULL) ON CONFLICT (matter_id) DO NOTHING;
INSERT INTO matter_admin (matter_id, stage, key_dates, notes, matter_type_overrides, task_assignments, staff, custom_notes, pending_matter_type_change, saved_matter_type) VALUES ('matter_6F1C669AD7A14386AF63E1182BFB4247', 'COMPLETE', '{"dateOfDeath":null,"appointmentDate":null,"publicationDate":null,"firstPublicationDate":null,"nextHearingDate":null,"nextHearingDescription":null}', NULL, '{}', '{}', '[]', '', NULL, NULL) ON CONFLICT (matter_id) DO NOTHING;
INSERT INTO matter_admin (matter_id, stage, key_dates, notes, matter_type_overrides, task_assignments, staff, custom_notes, pending_matter_type_change, saved_matter_type) VALUES ('matter_06A56FF970CD46059ECB235EF99BE15B', 'REVIEW', '{"dateOfDeath":null,"appointmentDate":null,"publicationDate":null,"firstPublicationDate":null,"nextHearingDate":null,"nextHearingDescription":null}', NULL, '{}', '{}', '[]', '', NULL, NULL) ON CONFLICT (matter_id) DO NOTHING;
INSERT INTO matter_admin (matter_id, stage, key_dates, notes, matter_type_overrides, task_assignments, staff, custom_notes, pending_matter_type_change, saved_matter_type) VALUES ('matter_D5E3603CD1424AF6B75B4F379C2605C0', 'COMPLETE', '{"dateOfDeath":null,"appointmentDate":null,"publicationDate":null,"firstPublicationDate":null,"nextHearingDate":null,"nextHearingDescription":null}', NULL, '{}', '{}', '[]', '', NULL, NULL) ON CONFLICT (matter_id) DO NOTHING;
INSERT INTO matter_admin (matter_id, stage, key_dates, notes, matter_type_overrides, task_assignments, staff, custom_notes, pending_matter_type_change, saved_matter_type) VALUES ('matter_867BEA2C43474C0BA8D4186017740CDF', 'DRAFTING', '{"dateOfDeath":null,"appointmentDate":null,"publicationDate":null,"firstPublicationDate":null,"nextHearingDate":null,"nextHearingDescription":null}', NULL, '{}', '{}', '[]', '', NULL, NULL) ON CONFLICT (matter_id) DO NOTHING;
INSERT INTO matter_admin (matter_id, stage, key_dates, notes, matter_type_overrides, task_assignments, staff, custom_notes, pending_matter_type_change, saved_matter_type) VALUES ('matter_A18EFEC4429F409C88797C62C3EB4D5E', 'REVIEW', '{"dateOfDeath":null,"appointmentDate":null,"publicationDate":null,"firstPublicationDate":null,"nextHearingDate":null,"nextHearingDescription":null}', NULL, '{}', '{}', '[]', '', NULL, NULL) ON CONFLICT (matter_id) DO NOTHING;
INSERT INTO matter_admin (matter_id, stage, key_dates, notes, matter_type_overrides, task_assignments, staff, custom_notes, pending_matter_type_change, saved_matter_type) VALUES ('matter_37209EE182364A60828B3289A0544E31', 'SIGNING', '{"dateOfDeath":null,"appointmentDate":null,"publicationDate":null,"firstPublicationDate":null,"nextHearingDate":null,"nextHearingDescription":null}', NULL, '{}', '{}', '[]', '', NULL, NULL) ON CONFLICT (matter_id) DO NOTHING;
INSERT INTO matter_admin (matter_id, stage, key_dates, notes, matter_type_overrides, task_assignments, staff, custom_notes, pending_matter_type_change, saved_matter_type) VALUES ('matter_F242AC38FA51477ABCEA391CFCFE31D2', 'DRAFTING', '{"dateOfDeath":null,"appointmentDate":null,"publicationDate":null,"firstPublicationDate":null,"nextHearingDate":null,"nextHearingDescription":null}', NULL, '{}', '{}', '[]', '', NULL, NULL) ON CONFLICT (matter_id) DO NOTHING;
INSERT INTO matter_admin (matter_id, stage, key_dates, notes, matter_type_overrides, task_assignments, staff, custom_notes, pending_matter_type_change, saved_matter_type) VALUES ('matter_BD2DBAE166C242F98C58CB01F4413308', 'PETITION_PREP', '{"dateOfDeath":null,"appointmentDate":null,"publicationDate":null,"firstPublicationDate":null,"nextHearingDate":null,"nextHearingDescription":null}', NULL, '{"hasTrust":false,"proceedingType":"intestate","hasWill":false}', '{}', '[]', '', NULL, '{"state":"RI","proceedingType":"intestate","hasTrust":false,"isAncillary":false,"savedAt":"2026-05-23T11:04:48.262Z","savedBy":"manual"}') ON CONFLICT (matter_id) DO NOTHING;
INSERT INTO matter_admin (matter_id, stage, key_dates, notes, matter_type_overrides, task_assignments, staff, custom_notes, pending_matter_type_change, saved_matter_type) VALUES ('matter_691622A6AEA342AC805E29F5BD4A21DC', 'APPOINTED', '{"dateOfDeath":null,"appointmentDate":null,"publicationDate":null,"firstPublicationDate":null,"nextHearingDate":null,"nextHearingDescription":null}', NULL, '{"state":"RI","hasTrust":false,"proceedingType":"testate"}', '{}', '[]', '', NULL, '{"state":"RI","proceedingType":"testate","hasTrust":false,"isAncillary":false,"savedAt":"2026-05-24T15:09:02.221Z","savedBy":"manual"}') ON CONFLICT (matter_id) DO NOTHING;

-- ── matter_tasks (see below records) ──────────────────────────────────
INSERT INTO matter_tasks (matter_id, task_id, status, previous_status, set_date, set_by, notes) VALUES ('matter_089312CB288E47D5BB7472D4D7CECD27', 'collect_death_cert', 'completed', NULL, NULL, NULL, NULL) ON CONFLICT (matter_id, task_id) DO NOTHING;
INSERT INTO matter_tasks (matter_id, task_id, status, previous_status, set_date, set_by, notes) VALUES ('matter_089312CB288E47D5BB7472D4D7CECD27', 'collect_will', 'completed', NULL, NULL, NULL, NULL) ON CONFLICT (matter_id, task_id) DO NOTHING;
INSERT INTO matter_tasks (matter_id, task_id, status, previous_status, set_date, set_by, notes) VALUES ('matter_089312CB288E47D5BB7472D4D7CECD27', 'open_client_file', 'completed', NULL, NULL, NULL, NULL) ON CONFLICT (matter_id, task_id) DO NOTHING;
INSERT INTO matter_tasks (matter_id, task_id, status, previous_status, set_date, set_by, notes) VALUES ('matter_089312CB288E47D5BB7472D4D7CECD27', 'task_017', 'warning', 'pending', '2026-05-21T10:34:37.692Z', 'system:stage_advance', 'Skipped on advance from APPOINTED to IN_ADMINISTRATION') ON CONFLICT (matter_id, task_id) DO NOTHING;
INSERT INTO matter_tasks (matter_id, task_id, status, previous_status, set_date, set_by, notes) VALUES ('matter_089312CB288E47D5BB7472D4D7CECD27', 'task_018', 'warning', 'pending', '2026-05-21T10:34:37.692Z', 'system:stage_advance', 'Skipped on advance from APPOINTED to IN_ADMINISTRATION') ON CONFLICT (matter_id, task_id) DO NOTHING;
INSERT INTO matter_tasks (matter_id, task_id, status, previous_status, set_date, set_by, notes) VALUES ('matter_089312CB288E47D5BB7472D4D7CECD27', 'task_019', 'warning', 'pending', '2026-05-21T10:34:37.692Z', 'system:stage_advance', 'Skipped on advance from APPOINTED to IN_ADMINISTRATION') ON CONFLICT (matter_id, task_id) DO NOTHING;
INSERT INTO matter_tasks (matter_id, task_id, status, previous_status, set_date, set_by, notes) VALUES ('matter_089312CB288E47D5BB7472D4D7CECD27', 'task_023', 'warning', 'pending', '2026-05-21T10:34:37.692Z', 'system:stage_advance', 'Skipped on advance from APPOINTED to IN_ADMINISTRATION') ON CONFLICT (matter_id, task_id) DO NOTHING;
INSERT INTO matter_tasks (matter_id, task_id, status, previous_status, set_date, set_by, notes) VALUES ('matter_089312CB288E47D5BB7472D4D7CECD27', 'task_024', 'warning', 'pending', '2026-05-21T10:34:37.692Z', 'system:stage_advance', 'Skipped on advance from APPOINTED to IN_ADMINISTRATION') ON CONFLICT (matter_id, task_id) DO NOTHING;
INSERT INTO matter_tasks (matter_id, task_id, status, previous_status, set_date, set_by, notes) VALUES ('matter_089312CB288E47D5BB7472D4D7CECD27', 'task_026', 'warning', 'pending', '2026-05-21T10:34:37.692Z', 'system:stage_advance', 'Skipped on advance from APPOINTED to IN_ADMINISTRATION') ON CONFLICT (matter_id, task_id) DO NOTHING;
INSERT INTO matter_tasks (matter_id, task_id, status, previous_status, set_date, set_by, notes) VALUES ('matter_089312CB288E47D5BB7472D4D7CECD27', 'task_029', 'warning', 'pending', '2026-05-21T10:34:37.692Z', 'system:stage_advance', 'Skipped on advance from APPOINTED to IN_ADMINISTRATION') ON CONFLICT (matter_id, task_id) DO NOTHING;
INSERT INTO matter_tasks (matter_id, task_id, status, previous_status, set_date, set_by, notes) VALUES ('matter_089312CB288E47D5BB7472D4D7CECD27', 'task_030', 'warning', 'pending', '2026-05-21T10:34:37.692Z', 'system:stage_advance', 'Skipped on advance from APPOINTED to IN_ADMINISTRATION') ON CONFLICT (matter_id, task_id) DO NOTHING;
INSERT INTO matter_tasks (matter_id, task_id, status, previous_status, set_date, set_by, notes) VALUES ('matter_089312CB288E47D5BB7472D4D7CECD27', 'task_033', 'warning', 'pending', '2026-05-21T10:34:37.692Z', 'system:stage_advance', 'Skipped on advance from APPOINTED to IN_ADMINISTRATION') ON CONFLICT (matter_id, task_id) DO NOTHING;
INSERT INTO matter_tasks (matter_id, task_id, status, previous_status, set_date, set_by, notes) VALUES ('matter_089312CB288E47D5BB7472D4D7CECD27', 'task_034', 'warning', 'pending', '2026-05-21T10:34:37.692Z', 'system:stage_advance', 'Skipped on advance from APPOINTED to IN_ADMINISTRATION') ON CONFLICT (matter_id, task_id) DO NOTHING;
INSERT INTO matter_tasks (matter_id, task_id, status, previous_status, set_date, set_by, notes) VALUES ('matter_089312CB288E47D5BB7472D4D7CECD27', 'task_035', 'warning', 'pending', '2026-05-21T10:34:37.692Z', 'system:stage_advance', 'Skipped on advance from APPOINTED to IN_ADMINISTRATION') ON CONFLICT (matter_id, task_id) DO NOTHING;
INSERT INTO matter_tasks (matter_id, task_id, status, previous_status, set_date, set_by, notes) VALUES ('matter_089312CB288E47D5BB7472D4D7CECD27', 'task_036', 'warning', 'pending', '2026-05-21T10:34:37.692Z', 'system:stage_advance', 'Skipped on advance from APPOINTED to IN_ADMINISTRATION') ON CONFLICT (matter_id, task_id) DO NOTHING;
INSERT INTO matter_tasks (matter_id, task_id, status, previous_status, set_date, set_by, notes) VALUES ('matter_089312CB288E47D5BB7472D4D7CECD27', 'task_037', 'warning', 'pending', '2026-05-21T10:34:37.692Z', 'system:stage_advance', 'Skipped on advance from APPOINTED to IN_ADMINISTRATION') ON CONFLICT (matter_id, task_id) DO NOTHING;
INSERT INTO matter_tasks (matter_id, task_id, status, previous_status, set_date, set_by, notes) VALUES ('matter_089312CB288E47D5BB7472D4D7CECD27', 'task_038', 'warning', 'pending', '2026-05-21T10:34:37.692Z', 'system:stage_advance', 'Skipped on advance from APPOINTED to IN_ADMINISTRATION') ON CONFLICT (matter_id, task_id) DO NOTHING;
INSERT INTO matter_tasks (matter_id, task_id, status, previous_status, set_date, set_by, notes) VALUES ('matter_089312CB288E47D5BB7472D4D7CECD27', 'task_039', 'warning', 'pending', '2026-05-21T10:34:37.692Z', 'system:stage_advance', 'Skipped on advance from APPOINTED to IN_ADMINISTRATION') ON CONFLICT (matter_id, task_id) DO NOTHING;
INSERT INTO matter_tasks (matter_id, task_id, status, previous_status, set_date, set_by, notes) VALUES ('matter_089312CB288E47D5BB7472D4D7CECD27', 'task_040', 'warning', 'pending', '2026-05-21T10:34:37.692Z', 'system:stage_advance', 'Skipped on advance from APPOINTED to IN_ADMINISTRATION') ON CONFLICT (matter_id, task_id) DO NOTHING;
INSERT INTO matter_tasks (matter_id, task_id, status, previous_status, set_date, set_by, notes) VALUES ('matter_089312CB288E47D5BB7472D4D7CECD27', 'task_041', 'warning', 'pending', '2026-05-21T10:34:37.692Z', 'system:stage_advance', 'Skipped on advance from APPOINTED to IN_ADMINISTRATION') ON CONFLICT (matter_id, task_id) DO NOTHING;
INSERT INTO matter_tasks (matter_id, task_id, status, previous_status, set_date, set_by, notes) VALUES ('matter_089312CB288E47D5BB7472D4D7CECD27', 'task_042', 'warning', 'pending', '2026-05-21T10:34:37.692Z', 'system:stage_advance', 'Skipped on advance from APPOINTED to IN_ADMINISTRATION') ON CONFLICT (matter_id, task_id) DO NOTHING;
INSERT INTO matter_tasks (matter_id, task_id, status, previous_status, set_date, set_by, notes) VALUES ('matter_089312CB288E47D5BB7472D4D7CECD27', 'task_043', 'warning', 'pending', '2026-05-21T10:34:37.692Z', 'system:stage_advance', 'Skipped on advance from APPOINTED to IN_ADMINISTRATION') ON CONFLICT (matter_id, task_id) DO NOTHING;
INSERT INTO matter_tasks (matter_id, task_id, status, previous_status, set_date, set_by, notes) VALUES ('matter_089312CB288E47D5BB7472D4D7CECD27', 'task_044', 'warning', 'pending', '2026-05-21T10:34:37.692Z', 'system:stage_advance', 'Skipped on advance from APPOINTED to IN_ADMINISTRATION') ON CONFLICT (matter_id, task_id) DO NOTHING;
INSERT INTO matter_tasks (matter_id, task_id, status, previous_status, set_date, set_by, notes) VALUES ('matter_089312CB288E47D5BB7472D4D7CECD27', 'task_045', 'warning', 'pending', '2026-05-21T10:34:37.692Z', 'system:stage_advance', 'Skipped on advance from APPOINTED to IN_ADMINISTRATION') ON CONFLICT (matter_id, task_id) DO NOTHING;
INSERT INTO matter_tasks (matter_id, task_id, status, previous_status, set_date, set_by, notes) VALUES ('matter_089312CB288E47D5BB7472D4D7CECD27', 'task_046', 'warning', 'pending', '2026-05-21T10:34:37.692Z', 'system:stage_advance', 'Skipped on advance from APPOINTED to IN_ADMINISTRATION') ON CONFLICT (matter_id, task_id) DO NOTHING;
INSERT INTO matter_tasks (matter_id, task_id, status, previous_status, set_date, set_by, notes) VALUES ('matter_089312CB288E47D5BB7472D4D7CECD27', 'task_047', 'warning', 'pending', '2026-05-21T10:34:37.692Z', 'system:stage_advance', 'Skipped on advance from APPOINTED to IN_ADMINISTRATION') ON CONFLICT (matter_id, task_id) DO NOTHING;
INSERT INTO matter_tasks (matter_id, task_id, status, previous_status, set_date, set_by, notes) VALUES ('matter_089312CB288E47D5BB7472D4D7CECD27', 'task_048', 'warning', 'pending', '2026-05-21T10:34:37.692Z', 'system:stage_advance', 'Skipped on advance from APPOINTED to IN_ADMINISTRATION') ON CONFLICT (matter_id, task_id) DO NOTHING;
INSERT INTO matter_tasks (matter_id, task_id, status, previous_status, set_date, set_by, notes) VALUES ('matter_089312CB288E47D5BB7472D4D7CECD27', 'task_051', 'warning', 'pending', '2026-05-21T10:34:37.692Z', 'system:stage_advance', 'Skipped on advance from APPOINTED to IN_ADMINISTRATION') ON CONFLICT (matter_id, task_id) DO NOTHING;
INSERT INTO matter_tasks (matter_id, task_id, status, previous_status, set_date, set_by, notes) VALUES ('matter_089312CB288E47D5BB7472D4D7CECD27', 'task_052', 'warning', 'pending', '2026-05-21T10:34:37.692Z', 'system:stage_advance', 'Skipped on advance from APPOINTED to IN_ADMINISTRATION') ON CONFLICT (matter_id, task_id) DO NOTHING;
INSERT INTO matter_tasks (matter_id, task_id, status, previous_status, set_date, set_by, notes) VALUES ('matter_089312CB288E47D5BB7472D4D7CECD27', 'task_053', 'warning', 'pending', '2026-05-21T10:34:37.692Z', 'system:stage_advance', 'Skipped on advance from APPOINTED to IN_ADMINISTRATION') ON CONFLICT (matter_id, task_id) DO NOTHING;
INSERT INTO matter_tasks (matter_id, task_id, status, previous_status, set_date, set_by, notes) VALUES ('matter_089312CB288E47D5BB7472D4D7CECD27', 'task_057', 'warning', 'pending', '2026-05-21T10:34:37.692Z', 'system:stage_advance', 'Skipped on advance from APPOINTED to IN_ADMINISTRATION') ON CONFLICT (matter_id, task_id) DO NOTHING;
INSERT INTO matter_tasks (matter_id, task_id, status, previous_status, set_date, set_by, notes) VALUES ('matter_089312CB288E47D5BB7472D4D7CECD27', 'task_101', 'warning', 'pending', '2026-05-21T10:34:37.692Z', 'system:stage_advance', 'Skipped on advance from APPOINTED to IN_ADMINISTRATION') ON CONFLICT (matter_id, task_id) DO NOTHING;
INSERT INTO matter_tasks (matter_id, task_id, status, previous_status, set_date, set_by, notes) VALUES ('matter_089312CB288E47D5BB7472D4D7CECD27', 'task_102', 'warning', 'pending', '2026-05-21T10:34:37.692Z', 'system:stage_advance', 'Skipped on advance from APPOINTED to IN_ADMINISTRATION') ON CONFLICT (matter_id, task_id) DO NOTHING;
INSERT INTO matter_tasks (matter_id, task_id, status, previous_status, set_date, set_by, notes) VALUES ('matter_089312CB288E47D5BB7472D4D7CECD27', 'task_103', 'warning', 'pending', '2026-05-21T10:34:37.692Z', 'system:stage_advance', 'Skipped on advance from APPOINTED to IN_ADMINISTRATION') ON CONFLICT (matter_id, task_id) DO NOTHING;
INSERT INTO matter_tasks (matter_id, task_id, status, previous_status, set_date, set_by, notes) VALUES ('matter_089312CB288E47D5BB7472D4D7CECD27', 'task_104', 'warning', 'pending', '2026-05-21T10:34:37.692Z', 'system:stage_advance', 'Skipped on advance from APPOINTED to IN_ADMINISTRATION') ON CONFLICT (matter_id, task_id) DO NOTHING;
INSERT INTO matter_tasks (matter_id, task_id, status, previous_status, set_date, set_by, notes) VALUES ('matter_089312CB288E47D5BB7472D4D7CECD27', 'task_105', 'warning', 'pending', '2026-05-21T10:34:37.692Z', 'system:stage_advance', 'Skipped on advance from APPOINTED to IN_ADMINISTRATION') ON CONFLICT (matter_id, task_id) DO NOTHING;
INSERT INTO matter_tasks (matter_id, task_id, status, previous_status, set_date, set_by, notes) VALUES ('matter_089312CB288E47D5BB7472D4D7CECD27', 'task_106', 'warning', 'pending', '2026-05-21T10:34:37.692Z', 'system:stage_advance', 'Skipped on advance from APPOINTED to IN_ADMINISTRATION') ON CONFLICT (matter_id, task_id) DO NOTHING;
INSERT INTO matter_tasks (matter_id, task_id, status, previous_status, set_date, set_by, notes) VALUES ('matter_089312CB288E47D5BB7472D4D7CECD27', 'task_107', 'warning', 'pending', '2026-05-21T10:34:37.692Z', 'system:stage_advance', 'Skipped on advance from APPOINTED to IN_ADMINISTRATION') ON CONFLICT (matter_id, task_id) DO NOTHING;
INSERT INTO matter_tasks (matter_id, task_id, status, previous_status, set_date, set_by, notes) VALUES ('matter_089312CB288E47D5BB7472D4D7CECD27', 'task_108', 'warning', 'pending', '2026-05-21T10:34:37.692Z', 'system:stage_advance', 'Skipped on advance from APPOINTED to IN_ADMINISTRATION') ON CONFLICT (matter_id, task_id) DO NOTHING;
INSERT INTO matter_tasks (matter_id, task_id, status, previous_status, set_date, set_by, notes) VALUES ('matter_089312CB288E47D5BB7472D4D7CECD27', 'task_109', 'warning', 'pending', '2026-05-21T10:34:37.692Z', 'system:stage_advance', 'Skipped on advance from APPOINTED to IN_ADMINISTRATION') ON CONFLICT (matter_id, task_id) DO NOTHING;
INSERT INTO matter_tasks (matter_id, task_id, status, previous_status, set_date, set_by, notes) VALUES ('matter_089312CB288E47D5BB7472D4D7CECD27', 'task_110', 'warning', 'pending', '2026-05-21T10:34:37.692Z', 'system:stage_advance', 'Skipped on advance from APPOINTED to IN_ADMINISTRATION') ON CONFLICT (matter_id, task_id) DO NOTHING;
INSERT INTO matter_tasks (matter_id, task_id, status, previous_status, set_date, set_by, notes) VALUES ('matter_089312CB288E47D5BB7472D4D7CECD27', 'task_111', 'warning', 'pending', '2026-05-21T10:34:37.692Z', 'system:stage_advance', 'Skipped on advance from APPOINTED to IN_ADMINISTRATION') ON CONFLICT (matter_id, task_id) DO NOTHING;
INSERT INTO matter_tasks (matter_id, task_id, status, previous_status, set_date, set_by, notes) VALUES ('matter_089312CB288E47D5BB7472D4D7CECD27', 'task_112', 'warning', 'pending', '2026-05-21T10:34:37.692Z', 'system:stage_advance', 'Skipped on advance from APPOINTED to IN_ADMINISTRATION') ON CONFLICT (matter_id, task_id) DO NOTHING;
INSERT INTO matter_tasks (matter_id, task_id, status, previous_status, set_date, set_by, notes) VALUES ('matter_089312CB288E47D5BB7472D4D7CECD27', 'task_113', 'warning', 'pending', '2026-05-21T10:34:37.692Z', 'system:stage_advance', 'Skipped on advance from APPOINTED to IN_ADMINISTRATION') ON CONFLICT (matter_id, task_id) DO NOTHING;
INSERT INTO matter_tasks (matter_id, task_id, status, previous_status, set_date, set_by, notes) VALUES ('matter_089312CB288E47D5BB7472D4D7CECD27', 'task_114', 'warning', 'pending', '2026-05-21T10:34:37.692Z', 'system:stage_advance', 'Skipped on advance from APPOINTED to IN_ADMINISTRATION') ON CONFLICT (matter_id, task_id) DO NOTHING;
INSERT INTO matter_tasks (matter_id, task_id, status, previous_status, set_date, set_by, notes) VALUES ('matter_089312CB288E47D5BB7472D4D7CECD27', 'task_115', 'warning', 'pending', '2026-05-21T10:34:37.692Z', 'system:stage_advance', 'Skipped on advance from APPOINTED to IN_ADMINISTRATION') ON CONFLICT (matter_id, task_id) DO NOTHING;
INSERT INTO matter_tasks (matter_id, task_id, status, previous_status, set_date, set_by, notes) VALUES ('matter_089312CB288E47D5BB7472D4D7CECD27', 'task_116', 'warning', 'pending', '2026-05-21T10:34:37.692Z', 'system:stage_advance', 'Skipped on advance from APPOINTED to IN_ADMINISTRATION') ON CONFLICT (matter_id, task_id) DO NOTHING;
INSERT INTO matter_tasks (matter_id, task_id, status, previous_status, set_date, set_by, notes) VALUES ('matter_089312CB288E47D5BB7472D4D7CECD27', 'task_117', 'warning', 'pending', '2026-05-21T10:34:37.692Z', 'system:stage_advance', 'Skipped on advance from APPOINTED to IN_ADMINISTRATION') ON CONFLICT (matter_id, task_id) DO NOTHING;
INSERT INTO matter_tasks (matter_id, task_id, status, previous_status, set_date, set_by, notes) VALUES ('matter_089312CB288E47D5BB7472D4D7CECD27', 'task_118', 'warning', 'pending', '2026-05-21T10:34:37.692Z', 'system:stage_advance', 'Skipped on advance from APPOINTED to IN_ADMINISTRATION') ON CONFLICT (matter_id, task_id) DO NOTHING;
INSERT INTO matter_tasks (matter_id, task_id, status, previous_status, set_date, set_by, notes) VALUES ('matter_089312CB288E47D5BB7472D4D7CECD27', 'task_119', 'warning', 'pending', '2026-05-21T10:34:37.692Z', 'system:stage_advance', 'Skipped on advance from APPOINTED to IN_ADMINISTRATION') ON CONFLICT (matter_id, task_id) DO NOTHING;
INSERT INTO matter_tasks (matter_id, task_id, status, previous_status, set_date, set_by, notes) VALUES ('matter_089312CB288E47D5BB7472D4D7CECD27', 'task_120', 'warning', 'pending', '2026-05-21T10:34:37.692Z', 'system:stage_advance', 'Skipped on advance from APPOINTED to IN_ADMINISTRATION') ON CONFLICT (matter_id, task_id) DO NOTHING;
INSERT INTO matter_tasks (matter_id, task_id, status, previous_status, set_date, set_by, notes) VALUES ('matter_089312CB288E47D5BB7472D4D7CECD27', 'task_508', 'warning', 'pending', '2026-05-21T10:34:37.692Z', 'system:stage_advance', 'Skipped on advance from APPOINTED to IN_ADMINISTRATION') ON CONFLICT (matter_id, task_id) DO NOTHING;
INSERT INTO matter_tasks (matter_id, task_id, status, previous_status, set_date, set_by, notes) VALUES ('matter_089312CB288E47D5BB7472D4D7CECD27', 'task_509', 'warning', 'pending', '2026-05-21T10:34:37.692Z', 'system:stage_advance', 'Skipped on advance from APPOINTED to IN_ADMINISTRATION') ON CONFLICT (matter_id, task_id) DO NOTHING;
INSERT INTO matter_tasks (matter_id, task_id, status, previous_status, set_date, set_by, notes) VALUES ('matter_089312CB288E47D5BB7472D4D7CECD27', 'task_510', 'warning', 'pending', '2026-05-21T10:34:37.692Z', 'system:stage_advance', 'Skipped on advance from APPOINTED to IN_ADMINISTRATION') ON CONFLICT (matter_id, task_id) DO NOTHING;
INSERT INTO matter_tasks (matter_id, task_id, status, previous_status, set_date, set_by, notes) VALUES ('matter_089312CB288E47D5BB7472D4D7CECD27', 'task_511', 'warning', 'pending', '2026-05-21T10:34:37.692Z', 'system:stage_advance', 'Skipped on advance from APPOINTED to IN_ADMINISTRATION') ON CONFLICT (matter_id, task_id) DO NOTHING;
INSERT INTO matter_tasks (matter_id, task_id, status, previous_status, set_date, set_by, notes) VALUES ('matter_089312CB288E47D5BB7472D4D7CECD27', 'task_401', 'open', NULL, NULL, NULL, NULL) ON CONFLICT (matter_id, task_id) DO NOTHING;
INSERT INTO matter_tasks (matter_id, task_id, status, previous_status, set_date, set_by, notes) VALUES ('matter_089312CB288E47D5BB7472D4D7CECD27', 'task_402', 'open', NULL, NULL, NULL, NULL) ON CONFLICT (matter_id, task_id) DO NOTHING;
INSERT INTO matter_tasks (matter_id, task_id, status, previous_status, set_date, set_by, notes) VALUES ('matter_089312CB288E47D5BB7472D4D7CECD27', 'task_403', 'open', NULL, NULL, NULL, NULL) ON CONFLICT (matter_id, task_id) DO NOTHING;
INSERT INTO matter_tasks (matter_id, task_id, status, previous_status, set_date, set_by, notes) VALUES ('matter_089312CB288E47D5BB7472D4D7CECD27', 'task_404', 'open', NULL, NULL, NULL, NULL) ON CONFLICT (matter_id, task_id) DO NOTHING;
INSERT INTO matter_tasks (matter_id, task_id, status, previous_status, set_date, set_by, notes) VALUES ('matter_089312CB288E47D5BB7472D4D7CECD27', 'task_405', 'open', NULL, NULL, NULL, NULL) ON CONFLICT (matter_id, task_id) DO NOTHING;
INSERT INTO matter_tasks (matter_id, task_id, status, previous_status, set_date, set_by, notes) VALUES ('matter_089312CB288E47D5BB7472D4D7CECD27', 'task_406', 'open', NULL, NULL, NULL, NULL) ON CONFLICT (matter_id, task_id) DO NOTHING;
INSERT INTO matter_tasks (matter_id, task_id, status, previous_status, set_date, set_by, notes) VALUES ('matter_089312CB288E47D5BB7472D4D7CECD27', 'task_407', 'open', NULL, NULL, NULL, NULL) ON CONFLICT (matter_id, task_id) DO NOTHING;
INSERT INTO matter_tasks (matter_id, task_id, status, previous_status, set_date, set_by, notes) VALUES ('matter_089312CB288E47D5BB7472D4D7CECD27', 'task_408', 'open', NULL, NULL, NULL, NULL) ON CONFLICT (matter_id, task_id) DO NOTHING;
INSERT INTO matter_tasks (matter_id, task_id, status, previous_status, set_date, set_by, notes) VALUES ('matter_089312CB288E47D5BB7472D4D7CECD27', 'task_409', 'open', NULL, NULL, NULL, NULL) ON CONFLICT (matter_id, task_id) DO NOTHING;
INSERT INTO matter_tasks (matter_id, task_id, status, previous_status, set_date, set_by, notes) VALUES ('matter_089312CB288E47D5BB7472D4D7CECD27', 'task_410', 'open', NULL, NULL, NULL, NULL) ON CONFLICT (matter_id, task_id) DO NOTHING;
INSERT INTO matter_tasks (matter_id, task_id, status, previous_status, set_date, set_by, notes) VALUES ('matter_089312CB288E47D5BB7472D4D7CECD27', 'task_411', 'open', NULL, NULL, NULL, NULL) ON CONFLICT (matter_id, task_id) DO NOTHING;
INSERT INTO matter_tasks (matter_id, task_id, status, previous_status, set_date, set_by, notes) VALUES ('matter_089312CB288E47D5BB7472D4D7CECD27', 'task_412', 'open', NULL, NULL, NULL, NULL) ON CONFLICT (matter_id, task_id) DO NOTHING;
INSERT INTO matter_tasks (matter_id, task_id, status, previous_status, set_date, set_by, notes) VALUES ('matter_089312CB288E47D5BB7472D4D7CECD27', 'task_413', 'open', NULL, NULL, NULL, NULL) ON CONFLICT (matter_id, task_id) DO NOTHING;
INSERT INTO matter_tasks (matter_id, task_id, status, previous_status, set_date, set_by, notes) VALUES ('matter_089312CB288E47D5BB7472D4D7CECD27', 'task_414', 'open', NULL, NULL, NULL, NULL) ON CONFLICT (matter_id, task_id) DO NOTHING;
INSERT INTO matter_tasks (matter_id, task_id, status, previous_status, set_date, set_by, notes) VALUES ('matter_089312CB288E47D5BB7472D4D7CECD27', 'task_415', 'open', NULL, NULL, NULL, NULL) ON CONFLICT (matter_id, task_id) DO NOTHING;
INSERT INTO matter_tasks (matter_id, task_id, status, previous_status, set_date, set_by, notes) VALUES ('matter_089312CB288E47D5BB7472D4D7CECD27', 'task_416', 'open', NULL, NULL, NULL, NULL) ON CONFLICT (matter_id, task_id) DO NOTHING;
INSERT INTO matter_tasks (matter_id, task_id, status, previous_status, set_date, set_by, notes) VALUES ('matter_089312CB288E47D5BB7472D4D7CECD27', 'task_417', 'open', NULL, NULL, NULL, NULL) ON CONFLICT (matter_id, task_id) DO NOTHING;
INSERT INTO matter_tasks (matter_id, task_id, status, previous_status, set_date, set_by, notes) VALUES ('matter_089312CB288E47D5BB7472D4D7CECD27', 'task_418', 'open', NULL, NULL, NULL, NULL) ON CONFLICT (matter_id, task_id) DO NOTHING;
INSERT INTO matter_tasks (matter_id, task_id, status, previous_status, set_date, set_by, notes) VALUES ('matter_089312CB288E47D5BB7472D4D7CECD27', 'task_419', 'open', NULL, NULL, NULL, NULL) ON CONFLICT (matter_id, task_id) DO NOTHING;
INSERT INTO matter_tasks (matter_id, task_id, status, previous_status, set_date, set_by, notes) VALUES ('matter_089312CB288E47D5BB7472D4D7CECD27', 'task_420', 'open', NULL, NULL, NULL, NULL) ON CONFLICT (matter_id, task_id) DO NOTHING;
INSERT INTO matter_tasks (matter_id, task_id, status, previous_status, set_date, set_by, notes) VALUES ('matter_089312CB288E47D5BB7472D4D7CECD27', 'task_421', 'open', NULL, NULL, NULL, NULL) ON CONFLICT (matter_id, task_id) DO NOTHING;
INSERT INTO matter_tasks (matter_id, task_id, status, previous_status, set_date, set_by, notes) VALUES ('matter_089312CB288E47D5BB7472D4D7CECD27', 'task_520', 'open', NULL, NULL, NULL, NULL) ON CONFLICT (matter_id, task_id) DO NOTHING;
INSERT INTO matter_tasks (matter_id, task_id, status, previous_status, set_date, set_by, notes) VALUES ('matter_089312CB288E47D5BB7472D4D7CECD27', 'task_521', 'open', NULL, NULL, NULL, NULL) ON CONFLICT (matter_id, task_id) DO NOTHING;
INSERT INTO matter_tasks (matter_id, task_id, status, previous_status, set_date, set_by, notes) VALUES ('matter_089312CB288E47D5BB7472D4D7CECD27', 'task_522', 'open', NULL, NULL, NULL, NULL) ON CONFLICT (matter_id, task_id) DO NOTHING;
INSERT INTO matter_tasks (matter_id, task_id, status, previous_status, set_date, set_by, notes) VALUES ('matter_089312CB288E47D5BB7472D4D7CECD27', 'task_422', 'open', NULL, NULL, NULL, NULL) ON CONFLICT (matter_id, task_id) DO NOTHING;
INSERT INTO matter_tasks (matter_id, task_id, status, previous_status, set_date, set_by, notes) VALUES ('matter_089312CB288E47D5BB7472D4D7CECD27', 'task_423', 'open', NULL, NULL, NULL, NULL) ON CONFLICT (matter_id, task_id) DO NOTHING;
INSERT INTO matter_tasks (matter_id, task_id, status, previous_status, set_date, set_by, notes) VALUES ('matter_089312CB288E47D5BB7472D4D7CECD27', 'task_424', 'open', NULL, NULL, NULL, NULL) ON CONFLICT (matter_id, task_id) DO NOTHING;
INSERT INTO matter_tasks (matter_id, task_id, status, previous_status, set_date, set_by, notes) VALUES ('matter_089312CB288E47D5BB7472D4D7CECD27', 'task_425', 'open', NULL, NULL, NULL, NULL) ON CONFLICT (matter_id, task_id) DO NOTHING;
INSERT INTO matter_tasks (matter_id, task_id, status, previous_status, set_date, set_by, notes) VALUES ('matter_089312CB288E47D5BB7472D4D7CECD27', 'task_426', 'open', NULL, NULL, NULL, NULL) ON CONFLICT (matter_id, task_id) DO NOTHING;
INSERT INTO matter_tasks (matter_id, task_id, status, previous_status, set_date, set_by, notes) VALUES ('matter_35F045EFB4824F4BB87E8D00670FC132', 'task_426', 'completed', NULL, NULL, NULL, NULL) ON CONFLICT (matter_id, task_id) DO NOTHING;
INSERT INTO matter_tasks (matter_id, task_id, status, previous_status, set_date, set_by, notes) VALUES ('matter_CF9079F8413F490FA14700409E8476CD', 'task_001', 'completed', NULL, NULL, NULL, NULL) ON CONFLICT (matter_id, task_id) DO NOTHING;
INSERT INTO matter_tasks (matter_id, task_id, status, previous_status, set_date, set_by, notes) VALUES ('matter_CF9079F8413F490FA14700409E8476CD', 'task_002', 'completed', NULL, NULL, NULL, NULL) ON CONFLICT (matter_id, task_id) DO NOTHING;
INSERT INTO matter_tasks (matter_id, task_id, status, previous_status, set_date, set_by, notes) VALUES ('matter_CF9079F8413F490FA14700409E8476CD', 'task_004', 'completed', NULL, NULL, NULL, NULL) ON CONFLICT (matter_id, task_id) DO NOTHING;
INSERT INTO matter_tasks (matter_id, task_id, status, previous_status, set_date, set_by, notes) VALUES ('matter_CF9079F8413F490FA14700409E8476CD', 'task_005', 'completed', NULL, NULL, NULL, NULL) ON CONFLICT (matter_id, task_id) DO NOTHING;
INSERT INTO matter_tasks (matter_id, task_id, status, previous_status, set_date, set_by, notes) VALUES ('matter_CF9079F8413F490FA14700409E8476CD', 'task_006', 'completed', NULL, NULL, NULL, NULL) ON CONFLICT (matter_id, task_id) DO NOTHING;
INSERT INTO matter_tasks (matter_id, task_id, status, previous_status, set_date, set_by, notes) VALUES ('matter_CF9079F8413F490FA14700409E8476CD', 'task_008', 'completed', NULL, NULL, NULL, NULL) ON CONFLICT (matter_id, task_id) DO NOTHING;
INSERT INTO matter_tasks (matter_id, task_id, status, previous_status, set_date, set_by, notes) VALUES ('matter_CF9079F8413F490FA14700409E8476CD', 'task_009', 'completed', NULL, NULL, NULL, NULL) ON CONFLICT (matter_id, task_id) DO NOTHING;
INSERT INTO matter_tasks (matter_id, task_id, status, previous_status, set_date, set_by, notes) VALUES ('matter_CF9079F8413F490FA14700409E8476CD', 'task_013', 'completed', NULL, NULL, NULL, NULL) ON CONFLICT (matter_id, task_id) DO NOTHING;
INSERT INTO matter_tasks (matter_id, task_id, status, previous_status, set_date, set_by, notes) VALUES ('matter_CF9079F8413F490FA14700409E8476CD', 'task_012', 'completed', NULL, NULL, NULL, NULL) ON CONFLICT (matter_id, task_id) DO NOTHING;
INSERT INTO matter_tasks (matter_id, task_id, status, previous_status, set_date, set_by, notes) VALUES ('matter_CF9079F8413F490FA14700409E8476CD', 'task_010', 'completed', NULL, NULL, NULL, NULL) ON CONFLICT (matter_id, task_id) DO NOTHING;
INSERT INTO matter_tasks (matter_id, task_id, status, previous_status, set_date, set_by, notes) VALUES ('matter_CF9079F8413F490FA14700409E8476CD', 'task_042', 'na', NULL, NULL, NULL, NULL) ON CONFLICT (matter_id, task_id) DO NOTHING;
INSERT INTO matter_tasks (matter_id, task_id, status, previous_status, set_date, set_by, notes) VALUES ('matter_16A4D736D4704CFCBEA8AD931311A74B', 'task_001', 'completed', NULL, NULL, NULL, NULL) ON CONFLICT (matter_id, task_id) DO NOTHING;
INSERT INTO matter_tasks (matter_id, task_id, status, previous_status, set_date, set_by, notes) VALUES ('matter_16A4D736D4704CFCBEA8AD931311A74B', 'task_002', 'completed', NULL, NULL, NULL, NULL) ON CONFLICT (matter_id, task_id) DO NOTHING;
INSERT INTO matter_tasks (matter_id, task_id, status, previous_status, set_date, set_by, notes) VALUES ('matter_16A4D736D4704CFCBEA8AD931311A74B', 'task_004', 'completed', NULL, NULL, NULL, NULL) ON CONFLICT (matter_id, task_id) DO NOTHING;
INSERT INTO matter_tasks (matter_id, task_id, status, previous_status, set_date, set_by, notes) VALUES ('matter_16A4D736D4704CFCBEA8AD931311A74B', 'task_005', 'completed', NULL, NULL, NULL, NULL) ON CONFLICT (matter_id, task_id) DO NOTHING;
INSERT INTO matter_tasks (matter_id, task_id, status, previous_status, set_date, set_by, notes) VALUES ('matter_16A4D736D4704CFCBEA8AD931311A74B', 'task_006', 'completed', NULL, NULL, NULL, NULL) ON CONFLICT (matter_id, task_id) DO NOTHING;
INSERT INTO matter_tasks (matter_id, task_id, status, previous_status, set_date, set_by, notes) VALUES ('matter_16A4D736D4704CFCBEA8AD931311A74B', 'task_008', 'completed', NULL, NULL, NULL, NULL) ON CONFLICT (matter_id, task_id) DO NOTHING;
INSERT INTO matter_tasks (matter_id, task_id, status, previous_status, set_date, set_by, notes) VALUES ('matter_16A4D736D4704CFCBEA8AD931311A74B', 'task_010', 'completed', NULL, NULL, NULL, NULL) ON CONFLICT (matter_id, task_id) DO NOTHING;
INSERT INTO matter_tasks (matter_id, task_id, status, previous_status, set_date, set_by, notes) VALUES ('matter_16A4D736D4704CFCBEA8AD931311A74B', 'task_011', 'completed', NULL, NULL, NULL, NULL) ON CONFLICT (matter_id, task_id) DO NOTHING;
INSERT INTO matter_tasks (matter_id, task_id, status, previous_status, set_date, set_by, notes) VALUES ('matter_16A4D736D4704CFCBEA8AD931311A74B', 'task_012', 'completed', NULL, NULL, NULL, NULL) ON CONFLICT (matter_id, task_id) DO NOTHING;
INSERT INTO matter_tasks (matter_id, task_id, status, previous_status, set_date, set_by, notes) VALUES ('matter_16A4D736D4704CFCBEA8AD931311A74B', 'task_013', 'completed', NULL, NULL, NULL, NULL) ON CONFLICT (matter_id, task_id) DO NOTHING;
INSERT INTO matter_tasks (matter_id, task_id, status, previous_status, set_date, set_by, notes) VALUES ('matter_16A4D736D4704CFCBEA8AD931311A74B', 'task_014', 'completed', NULL, NULL, NULL, NULL) ON CONFLICT (matter_id, task_id) DO NOTHING;
INSERT INTO matter_tasks (matter_id, task_id, status, previous_status, set_date, set_by, notes) VALUES ('matter_362827BB8306449C873E8D4E6710F778', 'task_021', 'completed', NULL, NULL, NULL, NULL) ON CONFLICT (matter_id, task_id) DO NOTHING;
INSERT INTO matter_tasks (matter_id, task_id, status, previous_status, set_date, set_by, notes) VALUES ('matter_942CEA43D0FD46F2A3FCB18EBFD8DCEB', 'task_001', 'completed', NULL, NULL, NULL, NULL) ON CONFLICT (matter_id, task_id) DO NOTHING;
INSERT INTO matter_tasks (matter_id, task_id, status, previous_status, set_date, set_by, notes) VALUES ('matter_942CEA43D0FD46F2A3FCB18EBFD8DCEB', 'task_002', 'completed', NULL, NULL, NULL, NULL) ON CONFLICT (matter_id, task_id) DO NOTHING;
INSERT INTO matter_tasks (matter_id, task_id, status, previous_status, set_date, set_by, notes) VALUES ('matter_942CEA43D0FD46F2A3FCB18EBFD8DCEB', 'task_004', 'completed', NULL, NULL, NULL, NULL) ON CONFLICT (matter_id, task_id) DO NOTHING;
INSERT INTO matter_tasks (matter_id, task_id, status, previous_status, set_date, set_by, notes) VALUES ('matter_942CEA43D0FD46F2A3FCB18EBFD8DCEB', 'task_020', 'completed', NULL, NULL, NULL, NULL) ON CONFLICT (matter_id, task_id) DO NOTHING;
INSERT INTO matter_tasks (matter_id, task_id, status, previous_status, set_date, set_by, notes) VALUES ('matter_942CEA43D0FD46F2A3FCB18EBFD8DCEB', 'task_049', 'completed', NULL, NULL, NULL, NULL) ON CONFLICT (matter_id, task_id) DO NOTHING;
INSERT INTO matter_tasks (matter_id, task_id, status, previous_status, set_date, set_by, notes) VALUES ('matter_942CEA43D0FD46F2A3FCB18EBFD8DCEB', 'task_040', 'completed', NULL, NULL, NULL, NULL) ON CONFLICT (matter_id, task_id) DO NOTHING;
INSERT INTO matter_tasks (matter_id, task_id, status, previous_status, set_date, set_by, notes) VALUES ('matter_942CEA43D0FD46F2A3FCB18EBFD8DCEB', 'task_041', 'na', NULL, NULL, NULL, NULL) ON CONFLICT (matter_id, task_id) DO NOTHING;
INSERT INTO matter_tasks (matter_id, task_id, status, previous_status, set_date, set_by, notes) VALUES ('matter_942CEA43D0FD46F2A3FCB18EBFD8DCEB', 'task_042', 'na', NULL, NULL, NULL, NULL) ON CONFLICT (matter_id, task_id) DO NOTHING;
INSERT INTO matter_tasks (matter_id, task_id, status, previous_status, set_date, set_by, notes) VALUES ('matter_942CEA43D0FD46F2A3FCB18EBFD8DCEB', 'task_043', 'completed', NULL, NULL, NULL, NULL) ON CONFLICT (matter_id, task_id) DO NOTHING;
INSERT INTO matter_tasks (matter_id, task_id, status, previous_status, set_date, set_by, notes) VALUES ('matter_942CEA43D0FD46F2A3FCB18EBFD8DCEB', 'task_044', 'completed', NULL, NULL, NULL, NULL) ON CONFLICT (matter_id, task_id) DO NOTHING;
INSERT INTO matter_tasks (matter_id, task_id, status, previous_status, set_date, set_by, notes) VALUES ('matter_942CEA43D0FD46F2A3FCB18EBFD8DCEB', 'task_054', 'completed', NULL, NULL, NULL, NULL) ON CONFLICT (matter_id, task_id) DO NOTHING;
INSERT INTO matter_tasks (matter_id, task_id, status, previous_status, set_date, set_by, notes) VALUES ('matter_942CEA43D0FD46F2A3FCB18EBFD8DCEB', 'task_055', 'completed', NULL, NULL, NULL, NULL) ON CONFLICT (matter_id, task_id) DO NOTHING;
INSERT INTO matter_tasks (matter_id, task_id, status, previous_status, set_date, set_by, notes) VALUES ('matter_942CEA43D0FD46F2A3FCB18EBFD8DCEB', 'task_057', 'na', NULL, NULL, NULL, NULL) ON CONFLICT (matter_id, task_id) DO NOTHING;
INSERT INTO matter_tasks (matter_id, task_id, status, previous_status, set_date, set_by, notes) VALUES ('matter_942CEA43D0FD46F2A3FCB18EBFD8DCEB', 'task_056', 'completed', NULL, NULL, NULL, NULL) ON CONFLICT (matter_id, task_id) DO NOTHING;
INSERT INTO matter_tasks (matter_id, task_id, status, previous_status, set_date, set_by, notes) VALUES ('matter_942CEA43D0FD46F2A3FCB18EBFD8DCEB', 'task_025', 'completed', NULL, NULL, NULL, NULL) ON CONFLICT (matter_id, task_id) DO NOTHING;
INSERT INTO matter_tasks (matter_id, task_id, status, previous_status, set_date, set_by, notes) VALUES ('matter_942CEA43D0FD46F2A3FCB18EBFD8DCEB', 'task_030', 'completed', NULL, NULL, NULL, NULL) ON CONFLICT (matter_id, task_id) DO NOTHING;
INSERT INTO matter_tasks (matter_id, task_id, status, previous_status, set_date, set_by, notes) VALUES ('matter_942CEA43D0FD46F2A3FCB18EBFD8DCEB', 'task_032', 'completed', NULL, NULL, NULL, NULL) ON CONFLICT (matter_id, task_id) DO NOTHING;
INSERT INTO matter_tasks (matter_id, task_id, status, previous_status, set_date, set_by, notes) VALUES ('matter_942CEA43D0FD46F2A3FCB18EBFD8DCEB', 'task_033', 'completed', NULL, NULL, NULL, NULL) ON CONFLICT (matter_id, task_id) DO NOTHING;
INSERT INTO matter_tasks (matter_id, task_id, status, previous_status, set_date, set_by, notes) VALUES ('matter_942CEA43D0FD46F2A3FCB18EBFD8DCEB', 'task_039', 'na', NULL, NULL, NULL, NULL) ON CONFLICT (matter_id, task_id) DO NOTHING;

-- ── flags (62 records) ────────────────────────────────────
INSERT INTO flags (id, matter_id, matter_name, type, severity, message, raised_at, last_seen_at, acknowledged_at, resolved_at) VALUES ('1779282215905-lhcl17', 'matter_35F045EFB4824F4BB87E8D00670FC132', 'Crawford', 'MISSING_APPOINTMENT_DATE', 'high', 'No Letters of Authority found and appointment date not set for Crawford.', '2026-05-20T13:03:35.905Z', '2026-05-20T13:03:35.905Z', NULL, '2026-05-21T11:26:50.467Z') ON CONFLICT (id) DO NOTHING;
INSERT INTO flags (id, matter_id, matter_name, type, severity, message, raised_at, last_seen_at, acknowledged_at, resolved_at) VALUES ('1779282215905-8vzxs5', 'matter_35F045EFB4824F4BB87E8D00670FC132', 'Crawford', 'MISSING_WILL_OR_TRUST', 'medium', 'No will or trust document found for Crawford.', '2026-05-20T13:03:35.905Z', '2026-05-20T13:03:35.905Z', NULL, '2026-05-21T11:26:50.467Z') ON CONFLICT (id) DO NOTHING;
INSERT INTO flags (id, matter_id, matter_name, type, severity, message, raised_at, last_seen_at, acknowledged_at, resolved_at) VALUES ('1779282216051-7yegpz', 'matter_AE7F94DC904D4DC19580BF5AA10FCFD5', 'Tucci', 'MISSING_APPOINTMENT_DATE', 'high', 'No Letters of Authority found and appointment date not set for Tucci.', '2026-05-20T13:03:36.051Z', '2026-05-20T13:03:36.051Z', NULL, '2026-05-21T11:02:41.968Z') ON CONFLICT (id) DO NOTHING;
INSERT INTO flags (id, matter_id, matter_name, type, severity, message, raised_at, last_seen_at, acknowledged_at, resolved_at) VALUES ('1779282216051-dr0mcx', 'matter_AE7F94DC904D4DC19580BF5AA10FCFD5', 'Tucci', 'MISSING_DEATH_CERTIFICATE', 'medium', 'No death certificate document found for Tucci.', '2026-05-20T13:03:36.051Z', '2026-05-30T12:15:01.067Z', NULL, NULL) ON CONFLICT (id) DO NOTHING;
INSERT INTO flags (id, matter_id, matter_name, type, severity, message, raised_at, last_seen_at, acknowledged_at, resolved_at) VALUES ('1779282216051-ihv2vr', 'matter_AE7F94DC904D4DC19580BF5AA10FCFD5', 'Tucci', 'MISSING_WILL_OR_TRUST', 'medium', 'No will or trust document found for Tucci.', '2026-05-20T13:03:36.051Z', '2026-05-30T12:15:01.068Z', NULL, NULL) ON CONFLICT (id) DO NOTHING;
INSERT INTO flags (id, matter_id, matter_name, type, severity, message, raised_at, last_seen_at, acknowledged_at, resolved_at) VALUES ('1779282216263-p4nian', 'matter_5DC5542A788E482FA46616C81452E254', 'Berrios', 'MISSING_APPOINTMENT_DATE', 'high', 'No Letters of Authority found and appointment date not set for Berrios.', '2026-05-20T13:03:36.263Z', '2026-05-20T13:03:36.263Z', NULL, '2026-05-21T11:02:42.169Z') ON CONFLICT (id) DO NOTHING;
INSERT INTO flags (id, matter_id, matter_name, type, severity, message, raised_at, last_seen_at, acknowledged_at, resolved_at) VALUES ('1779282216263-o2ux8l', 'matter_5DC5542A788E482FA46616C81452E254', 'Berrios', 'MISSING_WILL_OR_TRUST', 'medium', 'No will or trust document found for Berrios.', '2026-05-20T13:03:36.263Z', '2026-05-30T12:15:01.246Z', NULL, NULL) ON CONFLICT (id) DO NOTHING;
INSERT INTO flags (id, matter_id, matter_name, type, severity, message, raised_at, last_seen_at, acknowledged_at, resolved_at) VALUES ('1779282216447-m8gtkk', 'matter_CF9079F8413F490FA14700409E8476CD', 'Atwood', 'MISSING_APPOINTMENT_DATE', 'high', 'No Letters of Authority found and appointment date not set for Atwood.', '2026-05-20T13:03:36.447Z', '2026-05-20T13:03:36.447Z', NULL, '2026-05-21T11:02:42.330Z') ON CONFLICT (id) DO NOTHING;
INSERT INTO flags (id, matter_id, matter_name, type, severity, message, raised_at, last_seen_at, acknowledged_at, resolved_at) VALUES ('1779282216447-cs1j57', 'matter_CF9079F8413F490FA14700409E8476CD', 'Atwood', 'MISSING_WILL_OR_TRUST', 'medium', 'No will or trust document found for Atwood.', '2026-05-20T13:03:36.447Z', '2026-05-20T13:03:36.447Z', NULL, '2026-05-21T11:02:42.330Z') ON CONFLICT (id) DO NOTHING;
INSERT INTO flags (id, matter_id, matter_name, type, severity, message, raised_at, last_seen_at, acknowledged_at, resolved_at) VALUES ('1779282216614-665qx9', 'matter_16A4D736D4704CFCBEA8AD931311A74B', 'Brown', 'MISSING_APPOINTMENT_DATE', 'high', 'No Letters of Authority found and appointment date not set for Brown.', '2026-05-20T13:03:36.614Z', '2026-05-30T12:15:01.569Z', NULL, NULL) ON CONFLICT (id) DO NOTHING;
INSERT INTO flags (id, matter_id, matter_name, type, severity, message, raised_at, last_seen_at, acknowledged_at, resolved_at) VALUES ('1779282216614-gv1mc8', 'matter_16A4D736D4704CFCBEA8AD931311A74B', 'Brown', 'MISSING_DEATH_CERTIFICATE', 'medium', 'No death certificate document found for Brown.', '2026-05-20T13:03:36.614Z', '2026-05-30T12:15:01.569Z', NULL, NULL) ON CONFLICT (id) DO NOTHING;
INSERT INTO flags (id, matter_id, matter_name, type, severity, message, raised_at, last_seen_at, acknowledged_at, resolved_at) VALUES ('1779282216614-rnp3cv', 'matter_16A4D736D4704CFCBEA8AD931311A74B', 'Brown', 'MISSING_WILL_OR_TRUST', 'medium', 'No will or trust document found for Brown.', '2026-05-20T13:03:36.614Z', '2026-05-20T13:03:36.614Z', NULL, '2026-05-21T11:02:42.545Z') ON CONFLICT (id) DO NOTHING;
INSERT INTO flags (id, matter_id, matter_name, type, severity, message, raised_at, last_seen_at, acknowledged_at, resolved_at) VALUES ('1779282216786-fyocz1', 'matter_6CD1104853114176A3349B2B686A4DEF', 'Ostiguy', 'MISSING_APPOINTMENT_DATE', 'high', 'No Letters of Authority found and appointment date not set for Ostiguy.', '2026-05-20T13:03:36.786Z', '2026-05-30T12:15:01.745Z', NULL, NULL) ON CONFLICT (id) DO NOTHING;
INSERT INTO flags (id, matter_id, matter_name, type, severity, message, raised_at, last_seen_at, acknowledged_at, resolved_at) VALUES ('1779282216786-xb2ldy', 'matter_6CD1104853114176A3349B2B686A4DEF', 'Ostiguy', 'MISSING_DEATH_CERTIFICATE', 'medium', 'No death certificate document found for Ostiguy.', '2026-05-20T13:03:36.786Z', '2026-05-30T12:15:01.745Z', NULL, NULL) ON CONFLICT (id) DO NOTHING;
INSERT INTO flags (id, matter_id, matter_name, type, severity, message, raised_at, last_seen_at, acknowledged_at, resolved_at) VALUES ('1779282216786-6txpfe', 'matter_6CD1104853114176A3349B2B686A4DEF', 'Ostiguy', 'MISSING_WILL_OR_TRUST', 'medium', 'No will or trust document found for Ostiguy.', '2026-05-20T13:03:36.786Z', '2026-05-30T12:15:01.745Z', NULL, NULL) ON CONFLICT (id) DO NOTHING;
INSERT INTO flags (id, matter_id, matter_name, type, severity, message, raised_at, last_seen_at, acknowledged_at, resolved_at) VALUES ('1779282216942-t9lwhy', 'matter_089312CB288E47D5BB7472D4D7CECD27', 'Ziegler', 'MISSING_DEATH_CERTIFICATE', 'medium', 'No death certificate document found for Ziegler.', '2026-05-20T13:03:36.942Z', '2026-05-30T12:15:01.895Z', NULL, NULL) ON CONFLICT (id) DO NOTHING;
INSERT INTO flags (id, matter_id, matter_name, type, severity, message, raised_at, last_seen_at, acknowledged_at, resolved_at) VALUES ('1779282216942-w09hp5', 'matter_089312CB288E47D5BB7472D4D7CECD27', 'Ziegler', 'MISSING_WILL_OR_TRUST', 'medium', 'No will or trust document found for Ziegler.', '2026-05-20T13:03:36.942Z', '2026-05-21T12:49:34.221Z', NULL, '2026-05-24T12:16:36.208Z') ON CONFLICT (id) DO NOTHING;
INSERT INTO flags (id, matter_id, matter_name, type, severity, message, raised_at, last_seen_at, acknowledged_at, resolved_at) VALUES ('1779282217100-t7rp75', 'matter_55FCA675360A4046A54C05574AD679C6', 'Hareld', 'MISSING_APPOINTMENT_DATE', 'high', 'No Letters of Authority found and appointment date not set for Hareld.', '2026-05-20T13:03:37.100Z', '2026-05-30T12:15:02.073Z', NULL, NULL) ON CONFLICT (id) DO NOTHING;
INSERT INTO flags (id, matter_id, matter_name, type, severity, message, raised_at, last_seen_at, acknowledged_at, resolved_at) VALUES ('1779282217100-3k82vc', 'matter_55FCA675360A4046A54C05574AD679C6', 'Hareld', 'MISSING_WILL_OR_TRUST', 'medium', 'No will or trust document found for Hareld.', '2026-05-20T13:03:37.100Z', '2026-05-30T12:15:02.074Z', NULL, NULL) ON CONFLICT (id) DO NOTHING;
INSERT INTO flags (id, matter_id, matter_name, type, severity, message, raised_at, last_seen_at, acknowledged_at, resolved_at) VALUES ('1779282217244-35pk5w', 'matter_B3C1A057BFDC4935891678771AF35DE1', 'Powell', 'MISSING_APPOINTMENT_DATE', 'high', 'No Letters of Authority found and appointment date not set for Powell.', '2026-05-20T13:03:37.244Z', '2026-05-20T13:03:37.244Z', NULL, '2026-05-21T11:02:43.155Z') ON CONFLICT (id) DO NOTHING;
INSERT INTO flags (id, matter_id, matter_name, type, severity, message, raised_at, last_seen_at, acknowledged_at, resolved_at) VALUES ('1779282217244-jltdm4', 'matter_B3C1A057BFDC4935891678771AF35DE1', 'Powell', 'MISSING_DEATH_CERTIFICATE', 'medium', 'No death certificate document found for Powell.', '2026-05-20T13:03:37.244Z', '2026-05-30T12:15:02.211Z', NULL, NULL) ON CONFLICT (id) DO NOTHING;
INSERT INTO flags (id, matter_id, matter_name, type, severity, message, raised_at, last_seen_at, acknowledged_at, resolved_at) VALUES ('1779282217244-0pqxr7', 'matter_B3C1A057BFDC4935891678771AF35DE1', 'Powell', 'MISSING_WILL_OR_TRUST', 'medium', 'No will or trust document found for Powell.', '2026-05-20T13:03:37.244Z', '2026-05-30T12:15:02.211Z', NULL, NULL) ON CONFLICT (id) DO NOTHING;
INSERT INTO flags (id, matter_id, matter_name, type, severity, message, raised_at, last_seen_at, acknowledged_at, resolved_at) VALUES ('1779282217385-ab2acl', 'matter_3391F5F05ADA4432884544349E2B4C17', 'jpetersile@gmail.com', 'MISSING_APPOINTMENT_DATE', 'high', 'No Letters of Authority found and appointment date not set for jpetersile@gmail.com.', '2026-05-20T13:03:37.385Z', '2026-05-29T02:21:55.007Z', NULL, '2026-05-29T12:17:33.244Z') ON CONFLICT (id) DO NOTHING;
INSERT INTO flags (id, matter_id, matter_name, type, severity, message, raised_at, last_seen_at, acknowledged_at, resolved_at) VALUES ('1779282217385-vu8sfm', 'matter_3391F5F05ADA4432884544349E2B4C17', 'jpetersile@gmail.com', 'MISSING_DEATH_CERTIFICATE', 'medium', 'No death certificate document found for jpetersile@gmail.com.', '2026-05-20T13:03:37.385Z', '2026-05-29T02:21:55.007Z', NULL, '2026-05-29T12:17:33.245Z') ON CONFLICT (id) DO NOTHING;
INSERT INTO flags (id, matter_id, matter_name, type, severity, message, raised_at, last_seen_at, acknowledged_at, resolved_at) VALUES ('1779282217591-g4dn4j', 'matter_65FAFB918C9B4B02A65F4DB32FAF7D53', 'DeBrave', 'MISSING_APPOINTMENT_DATE', 'high', 'No Letters of Authority found and appointment date not set for DeBrave.', '2026-05-20T13:03:37.591Z', '2026-05-30T12:15:02.397Z', NULL, NULL) ON CONFLICT (id) DO NOTHING;
INSERT INTO flags (id, matter_id, matter_name, type, severity, message, raised_at, last_seen_at, acknowledged_at, resolved_at) VALUES ('1779282217591-fdzikq', 'matter_65FAFB918C9B4B02A65F4DB32FAF7D53', 'DeBrave', 'MISSING_DEATH_CERTIFICATE', 'medium', 'No death certificate document found for DeBrave.', '2026-05-20T13:03:37.591Z', '2026-05-30T12:15:02.397Z', NULL, NULL) ON CONFLICT (id) DO NOTHING;
INSERT INTO flags (id, matter_id, matter_name, type, severity, message, raised_at, last_seen_at, acknowledged_at, resolved_at) VALUES ('1779282217728-415xle', 'matter_3562E560C5BD461BA8456288CCACAEE8', 'cedwardsd@gmail.com', 'MISSING_APPOINTMENT_DATE', 'high', 'No Letters of Authority found and appointment date not set for cedwardsd@gmail.com.', '2026-05-20T13:03:37.728Z', '2026-05-20T13:03:37.728Z', NULL, '2026-05-21T11:02:43.615Z') ON CONFLICT (id) DO NOTHING;
INSERT INTO flags (id, matter_id, matter_name, type, severity, message, raised_at, last_seen_at, acknowledged_at, resolved_at) VALUES ('1779282217728-6ugvpz', 'matter_3562E560C5BD461BA8456288CCACAEE8', 'cedwardsd@gmail.com', 'MISSING_DEATH_CERTIFICATE', 'medium', 'No death certificate document found for cedwardsd@gmail.com.', '2026-05-20T13:03:37.728Z', '2026-05-30T12:15:02.526Z', NULL, NULL) ON CONFLICT (id) DO NOTHING;
INSERT INTO flags (id, matter_id, matter_name, type, severity, message, raised_at, last_seen_at, acknowledged_at, resolved_at) VALUES ('1779282217728-xkfurh', 'matter_3562E560C5BD461BA8456288CCACAEE8', 'cedwardsd@gmail.com', 'MISSING_WILL_OR_TRUST', 'medium', 'No will or trust document found for cedwardsd@gmail.com.', '2026-05-20T13:03:37.728Z', '2026-05-30T12:15:02.526Z', NULL, NULL) ON CONFLICT (id) DO NOTHING;
INSERT INTO flags (id, matter_id, matter_name, type, severity, message, raised_at, last_seen_at, acknowledged_at, resolved_at) VALUES ('1779282217870-0hzo2j', 'matter_8A1F9C4A350F43EF9551857818FCC46A', 'Roberts', 'MISSING_APPOINTMENT_DATE', 'high', 'No Letters of Authority found and appointment date not set for Roberts.', '2026-05-20T13:03:37.870Z', '2026-05-29T02:21:55.474Z', NULL, '2026-05-29T12:17:33.786Z') ON CONFLICT (id) DO NOTHING;
INSERT INTO flags (id, matter_id, matter_name, type, severity, message, raised_at, last_seen_at, acknowledged_at, resolved_at) VALUES ('1779282217870-onkaff', 'matter_8A1F9C4A350F43EF9551857818FCC46A', 'Roberts', 'MISSING_DEATH_CERTIFICATE', 'medium', 'No death certificate document found for Roberts.', '2026-05-20T13:03:37.870Z', '2026-05-30T12:15:02.665Z', NULL, NULL) ON CONFLICT (id) DO NOTHING;
INSERT INTO flags (id, matter_id, matter_name, type, severity, message, raised_at, last_seen_at, acknowledged_at, resolved_at) VALUES ('1779282217870-2bbabu', 'matter_8A1F9C4A350F43EF9551857818FCC46A', 'Roberts', 'MISSING_WILL_OR_TRUST', 'medium', 'No will or trust document found for Roberts.', '2026-05-20T13:03:37.870Z', '2026-05-30T12:15:02.665Z', NULL, NULL) ON CONFLICT (id) DO NOTHING;
INSERT INTO flags (id, matter_id, matter_name, type, severity, message, raised_at, last_seen_at, acknowledged_at, resolved_at) VALUES ('1779282218029-32cou7', 'matter_98CF112D00804C41B6F3D7C199D0527E', 'Packer', 'MISSING_APPOINTMENT_DATE', 'high', 'No Letters of Authority found and appointment date not set for Packer.', '2026-05-20T13:03:38.029Z', '2026-05-20T13:03:38.030Z', NULL, '2026-05-21T11:02:43.898Z') ON CONFLICT (id) DO NOTHING;
INSERT INTO flags (id, matter_id, matter_name, type, severity, message, raised_at, last_seen_at, acknowledged_at, resolved_at) VALUES ('1779282218030-vqee98', 'matter_98CF112D00804C41B6F3D7C199D0527E', 'Packer', 'MISSING_DEATH_CERTIFICATE', 'medium', 'No death certificate document found for Packer.', '2026-05-20T13:03:38.030Z', '2026-05-30T12:15:02.804Z', NULL, NULL) ON CONFLICT (id) DO NOTHING;
INSERT INTO flags (id, matter_id, matter_name, type, severity, message, raised_at, last_seen_at, acknowledged_at, resolved_at) VALUES ('1779282218217-hssze3', 'matter_362827BB8306449C873E8D4E6710F778', 'Chong', 'MISSING_APPOINTMENT_DATE', 'high', 'No Letters of Authority found and appointment date not set for Chong.', '2026-05-20T13:03:38.217Z', '2026-05-30T12:15:02.967Z', NULL, NULL) ON CONFLICT (id) DO NOTHING;
INSERT INTO flags (id, matter_id, matter_name, type, severity, message, raised_at, last_seen_at, acknowledged_at, resolved_at) VALUES ('1779282218379-cjuf89', 'matter_745C66D70ECE4C04AC1C803ADF8C1169', 'Edwards', 'MISSING_APPOINTMENT_DATE', 'high', 'No Letters of Authority found and appointment date not set for Edwards.', '2026-05-20T13:03:38.379Z', '2026-05-20T13:03:38.379Z', NULL, '2026-05-21T11:02:44.234Z') ON CONFLICT (id) DO NOTHING;
INSERT INTO flags (id, matter_id, matter_name, type, severity, message, raised_at, last_seen_at, acknowledged_at, resolved_at) VALUES ('1779282218379-5253g0', 'matter_745C66D70ECE4C04AC1C803ADF8C1169', 'Edwards', 'MISSING_DEATH_CERTIFICATE', 'medium', 'No death certificate document found for Edwards.', '2026-05-20T13:03:38.379Z', '2026-05-30T12:15:03.122Z', NULL, NULL) ON CONFLICT (id) DO NOTHING;
INSERT INTO flags (id, matter_id, matter_name, type, severity, message, raised_at, last_seen_at, acknowledged_at, resolved_at) VALUES ('1779282218379-mnp43l', 'matter_745C66D70ECE4C04AC1C803ADF8C1169', 'Edwards', 'MISSING_WILL_OR_TRUST', 'medium', 'No will or trust document found for Edwards.', '2026-05-20T13:03:38.379Z', '2026-05-30T12:15:03.122Z', NULL, NULL) ON CONFLICT (id) DO NOTHING;
INSERT INTO flags (id, matter_id, matter_name, type, severity, message, raised_at, last_seen_at, acknowledged_at, resolved_at) VALUES ('1779282218519-epkp2s', 'matter_D51E15C686984C17BDBF40C09C40AC13', 'Sheridan', 'MISSING_APPOINTMENT_DATE', 'high', 'No Letters of Authority found and appointment date not set for Sheridan.', '2026-05-20T13:03:38.519Z', '2026-05-20T13:03:38.519Z', NULL, '2026-05-21T11:02:44.363Z') ON CONFLICT (id) DO NOTHING;
INSERT INTO flags (id, matter_id, matter_name, type, severity, message, raised_at, last_seen_at, acknowledged_at, resolved_at) VALUES ('1779282218519-vm827f', 'matter_D51E15C686984C17BDBF40C09C40AC13', 'Sheridan', 'MISSING_DEATH_CERTIFICATE', 'medium', 'No death certificate document found for Sheridan.', '2026-05-20T13:03:38.519Z', '2026-05-30T12:15:03.257Z', NULL, NULL) ON CONFLICT (id) DO NOTHING;
INSERT INTO flags (id, matter_id, matter_name, type, severity, message, raised_at, last_seen_at, acknowledged_at, resolved_at) VALUES ('1779282218519-1h97y4', 'matter_D51E15C686984C17BDBF40C09C40AC13', 'Sheridan', 'MISSING_WILL_OR_TRUST', 'medium', 'No will or trust document found for Sheridan.', '2026-05-20T13:03:38.519Z', '2026-05-30T12:15:03.257Z', NULL, NULL) ON CONFLICT (id) DO NOTHING;
INSERT INTO flags (id, matter_id, matter_name, type, severity, message, raised_at, last_seen_at, acknowledged_at, resolved_at) VALUES ('1779282218657-id3y8t', 'matter_4F72FDEA78D2460C9D6D18A9E924D5AA', 'Simon', 'MISSING_APPOINTMENT_DATE', 'high', 'No Letters of Authority found and appointment date not set for Simon.', '2026-05-20T13:03:38.657Z', '2026-05-20T13:03:38.657Z', NULL, '2026-05-21T11:02:44.502Z') ON CONFLICT (id) DO NOTHING;
INSERT INTO flags (id, matter_id, matter_name, type, severity, message, raised_at, last_seen_at, acknowledged_at, resolved_at) VALUES ('1779282218657-6i566m', 'matter_4F72FDEA78D2460C9D6D18A9E924D5AA', 'Simon', 'MISSING_DEATH_CERTIFICATE', 'medium', 'No death certificate document found for Simon.', '2026-05-20T13:03:38.657Z', '2026-05-30T12:15:03.380Z', NULL, NULL) ON CONFLICT (id) DO NOTHING;
INSERT INTO flags (id, matter_id, matter_name, type, severity, message, raised_at, last_seen_at, acknowledged_at, resolved_at) VALUES ('1779282218657-l6bvd4', 'matter_4F72FDEA78D2460C9D6D18A9E924D5AA', 'Simon', 'MISSING_WILL_OR_TRUST', 'medium', 'No will or trust document found for Simon.', '2026-05-20T13:03:38.657Z', '2026-05-30T12:15:03.380Z', NULL, NULL) ON CONFLICT (id) DO NOTHING;
INSERT INTO flags (id, matter_id, matter_name, type, severity, message, raised_at, last_seen_at, acknowledged_at, resolved_at) VALUES ('1779282218818-un41q5', 'matter_20273513E59640BD954DFE230CC0D608', 'Barreira 0l, Barreira', 'MISSING_APPOINTMENT_DATE', 'high', 'No Letters of Authority found and appointment date not set for Barreira 0l, Barreira.', '2026-05-20T13:03:38.818Z', '2026-05-20T13:03:38.818Z', NULL, '2026-05-21T11:02:44.642Z') ON CONFLICT (id) DO NOTHING;
INSERT INTO flags (id, matter_id, matter_name, type, severity, message, raised_at, last_seen_at, acknowledged_at, resolved_at) VALUES ('1779282218818-nj9j1v', 'matter_20273513E59640BD954DFE230CC0D608', 'Barreira 0l, Barreira', 'MISSING_DEATH_CERTIFICATE', 'medium', 'No death certificate document found for Barreira 0l, Barreira.', '2026-05-20T13:03:38.818Z', '2026-05-30T12:15:03.515Z', NULL, NULL) ON CONFLICT (id) DO NOTHING;
INSERT INTO flags (id, matter_id, matter_name, type, severity, message, raised_at, last_seen_at, acknowledged_at, resolved_at) VALUES ('1779282218818-elk3n5', 'matter_20273513E59640BD954DFE230CC0D608', 'Barreira 0l, Barreira', 'MISSING_WILL_OR_TRUST', 'medium', 'No will or trust document found for Barreira 0l, Barreira.', '2026-05-20T13:03:38.818Z', '2026-05-30T12:15:03.515Z', NULL, NULL) ON CONFLICT (id) DO NOTHING;
INSERT INTO flags (id, matter_id, matter_name, type, severity, message, raised_at, last_seen_at, acknowledged_at, resolved_at) VALUES ('1779282218955-semqf1', 'matter_60380EEA0BBB4DBDA4A38EA50B5AAB7F', 'Choung', 'MISSING_APPOINTMENT_DATE', 'high', 'No Letters of Authority found and appointment date not set for Choung.', '2026-05-20T13:03:38.955Z', '2026-05-20T13:03:38.955Z', NULL, '2026-05-21T11:02:44.776Z') ON CONFLICT (id) DO NOTHING;
INSERT INTO flags (id, matter_id, matter_name, type, severity, message, raised_at, last_seen_at, acknowledged_at, resolved_at) VALUES ('1779282218955-ri2d3c', 'matter_60380EEA0BBB4DBDA4A38EA50B5AAB7F', 'Choung', 'MISSING_DEATH_CERTIFICATE', 'medium', 'No death certificate document found for Choung.', '2026-05-20T13:03:38.955Z', '2026-05-30T12:15:03.644Z', NULL, NULL) ON CONFLICT (id) DO NOTHING;
INSERT INTO flags (id, matter_id, matter_name, type, severity, message, raised_at, last_seen_at, acknowledged_at, resolved_at) VALUES ('1779282218955-af6yom', 'matter_60380EEA0BBB4DBDA4A38EA50B5AAB7F', 'Choung', 'MISSING_WILL_OR_TRUST', 'medium', 'No will or trust document found for Choung.', '2026-05-20T13:03:38.955Z', '2026-05-30T12:15:03.644Z', NULL, NULL) ON CONFLICT (id) DO NOTHING;
INSERT INTO flags (id, matter_id, matter_name, type, severity, message, raised_at, last_seen_at, acknowledged_at, resolved_at) VALUES ('1779282219099-lkcpfh', 'matter_942CEA43D0FD46F2A3FCB18EBFD8DCEB', 'Kelley', 'MISSING_APPOINTMENT_DATE', 'high', 'No Letters of Authority found and appointment date not set for Kelley.', '2026-05-20T13:03:39.099Z', '2026-05-30T12:15:03.773Z', NULL, NULL) ON CONFLICT (id) DO NOTHING;
INSERT INTO flags (id, matter_id, matter_name, type, severity, message, raised_at, last_seen_at, acknowledged_at, resolved_at) VALUES ('1779282219099-l043vz', 'matter_942CEA43D0FD46F2A3FCB18EBFD8DCEB', 'Kelley', 'MISSING_DEATH_CERTIFICATE', 'medium', 'No death certificate document found for Kelley.', '2026-05-20T13:03:39.100Z', '2026-05-30T12:15:03.773Z', NULL, NULL) ON CONFLICT (id) DO NOTHING;
INSERT INTO flags (id, matter_id, matter_name, type, severity, message, raised_at, last_seen_at, acknowledged_at, resolved_at) VALUES ('1779282219100-dntllg', 'matter_942CEA43D0FD46F2A3FCB18EBFD8DCEB', 'Kelley', 'MISSING_WILL_OR_TRUST', 'medium', 'No will or trust document found for Kelley.', '2026-05-20T13:03:39.100Z', '2026-05-30T12:15:03.773Z', NULL, NULL) ON CONFLICT (id) DO NOTHING;
INSERT INTO flags (id, matter_id, matter_name, type, severity, message, raised_at, last_seen_at, acknowledged_at, resolved_at) VALUES ('1779282219333-j6jyas', 'matter_6F43AE5B14A34746AE278EEF4F52F100', 'Noel', 'MISSING_APPOINTMENT_DATE', 'high', 'No Letters of Authority found and appointment date not set for Noel.', '2026-05-20T13:03:39.333Z', '2026-05-20T13:03:39.333Z', NULL, '2026-05-21T11:02:45.137Z') ON CONFLICT (id) DO NOTHING;
INSERT INTO flags (id, matter_id, matter_name, type, severity, message, raised_at, last_seen_at, acknowledged_at, resolved_at) VALUES ('1779282219483-s6wuco', 'matter_691622A6AEA342AC805E29F5BD4A21DC', 'Hubbard', 'MISSING_APPOINTMENT_DATE', 'high', 'No Letters of Authority found and appointment date not set for Hubbard.', '2026-05-20T13:03:39.483Z', '2026-05-20T13:03:39.483Z', NULL, '2026-05-21T11:02:45.270Z') ON CONFLICT (id) DO NOTHING;
INSERT INTO flags (id, matter_id, matter_name, type, severity, message, raised_at, last_seen_at, acknowledged_at, resolved_at) VALUES ('1779282219483-3o26wo', 'matter_691622A6AEA342AC805E29F5BD4A21DC', 'Hubbard', 'MISSING_DEATH_CERTIFICATE', 'medium', 'No death certificate document found for Hubbard.', '2026-05-20T13:03:39.483Z', '2026-05-30T12:15:04.113Z', NULL, NULL) ON CONFLICT (id) DO NOTHING;
INSERT INTO flags (id, matter_id, matter_name, type, severity, message, raised_at, last_seen_at, acknowledged_at, resolved_at) VALUES ('1779282219670-396vnl', 'matter_BD2DBAE166C242F98C58CB01F4413308', 'Alieu', 'MISSING_APPOINTMENT_DATE', 'high', 'No Letters of Authority found and appointment date not set for Alieu.', '2026-05-20T13:03:39.670Z', '2026-05-20T13:03:39.670Z', NULL, '2026-05-21T11:02:45.456Z') ON CONFLICT (id) DO NOTHING;
INSERT INTO flags (id, matter_id, matter_name, type, severity, message, raised_at, last_seen_at, acknowledged_at, resolved_at) VALUES ('1779282219670-789was', 'matter_BD2DBAE166C242F98C58CB01F4413308', 'Alieu', 'MISSING_WILL_OR_TRUST', 'medium', 'No will or trust document found for Alieu.', '2026-05-20T13:03:39.670Z', '2026-05-21T12:49:37.690Z', NULL, '2026-05-24T12:16:39.192Z') ON CONFLICT (id) DO NOTHING;
INSERT INTO flags (id, matter_id, matter_name, type, severity, message, raised_at, last_seen_at, acknowledged_at, resolved_at) VALUES ('1779282219813-9fensv', 'matter_EBB1E0F5929145EF8C217A04E01FDBB1', 'Reed', 'MISSING_APPOINTMENT_DATE', 'high', 'No Letters of Authority found and appointment date not set for Reed.', '2026-05-20T13:03:39.813Z', '2026-05-20T13:03:39.813Z', NULL, '2026-05-21T11:02:45.584Z') ON CONFLICT (id) DO NOTHING;
INSERT INTO flags (id, matter_id, matter_name, type, severity, message, raised_at, last_seen_at, acknowledged_at, resolved_at) VALUES ('1779282219813-wgfe8p', 'matter_EBB1E0F5929145EF8C217A04E01FDBB1', 'Reed', 'MISSING_DEATH_CERTIFICATE', 'medium', 'No death certificate document found for Reed.', '2026-05-20T13:03:39.813Z', '2026-05-30T12:15:04.406Z', NULL, NULL) ON CONFLICT (id) DO NOTHING;
INSERT INTO flags (id, matter_id, matter_name, type, severity, message, raised_at, last_seen_at, acknowledged_at, resolved_at) VALUES ('1779635665630-johr5m', 'matter_691622A6AEA342AC805E29F5BD4A21DC', 'Hubbard', 'MISSING_APPOINTMENT_DATE', 'high', 'No Letters of Authority found and appointment date not set for Hubbard.', '2026-05-24T15:14:25.630Z', '2026-05-30T12:15:04.113Z', NULL, NULL) ON CONFLICT (id) DO NOTHING;
INSERT INTO flags (id, matter_id, matter_name, type, severity, message, raised_at, last_seen_at, acknowledged_at, resolved_at) VALUES ('1779885717270-kpunei', 'matter_CF9079F8413F490FA14700409E8476CD', 'Atwood', 'MISSING_DEATH_CERTIFICATE', 'medium', 'No death certificate document found for Atwood.', '2026-05-27T12:41:57.270Z', '2026-05-27T12:41:57.270Z', NULL, '2026-05-28T03:14:00.447Z') ON CONFLICT (id) DO NOTHING;

-- ── audit_events (3 of 3 records) ──────────────────
INSERT INTO audit_events (id, timestamp, user_id, user_name, user_role, action, matter_id, matter_name, detail, previous_value, new_value, ip_address, user_agent) VALUES ('audit_1780021507984_u097w', '2026-05-29T02:25:07.984Z', 'user_1780021417565', 'Matthew Fabisch', 'attorney', 'STAGE_CHANGED', 'matter_3391F5F05ADA4432884544349E2B4C17', NULL, 'Stage changed from IN_ADMINISTRATION to CLOSED', 'IN_ADMINISTRATION', 'CLOSED', '::1', 'Mozilla/5.0 (Macintosh; Intel Mac OS X 10_15_7) AppleWebKit/537.36 (KHTML, like Gecko) Chrome/148.0.0.0 Safari/537.36') ON CONFLICT (id) DO NOTHING;
INSERT INTO audit_events (id, timestamp, user_id, user_name, user_role, action, matter_id, matter_name, detail, previous_value, new_value, ip_address, user_agent) VALUES ('audit_1780021428181_pf1e2', '2026-05-29T02:23:48.181Z', 'user_1780021417565', 'Matthew Fabisch', 'attorney', 'LOGIN', NULL, NULL, 'User logged in from ::1', NULL, NULL, '::1', 'Mozilla/5.0 (Macintosh; Intel Mac OS X 10_15_7) AppleWebKit/537.36 (KHTML, like Gecko) Chrome/148.0.0.0 Safari/537.36') ON CONFLICT (id) DO NOTHING;
INSERT INTO audit_events (id, timestamp, user_id, user_name, user_role, action, matter_id, matter_name, detail, previous_value, new_value, ip_address, user_agent) VALUES ('audit_1779938225239_bhobw', '2026-05-28T03:17:05.239Z', 'user_1779938215998', 'Matthew Fabisch', 'attorney', 'LOGIN', NULL, NULL, 'User logged in from ::1', NULL, NULL, '::1', 'curl/8.7.1') ON CONFLICT (id) DO NOTHING;

-- ── settings ───────────────────────────────────────────────────────────────
INSERT INTO settings (key, value) VALUES ('aiSettings', '{"AI_DEADLINE_ALERTS":true,"AI_DOCUMENT_SCANNER":true,"AI_EXTRACTION":false}') ON CONFLICT (key) DO UPDATE SET value=EXCLUDED.value;
INSERT INTO settings (key, value) VALUES ('alertHistory', '{"matter_089312CB288E47D5BB7472D4D7CECD27:dmaNotice:2025-07-25":{"firstAlertDate":"2026-05-20T11:39:12.690Z","lastAlertDate":"2026-05-30T05:10:21.358Z","alertCount":9,"severity":"overdue","dismissed":false},"matter_089312CB288E47D5BB7472D4D7CECD27:informal_publication:2025-09-14":{"firstAlertDate":"2026-05-20T11:39:12.690Z","lastAlertDate":"2026-05-30T05:10:21.358Z","alertCount":9,"severity":"overdue","dismissed":false},"matter_089312CB288E47D5BB7472D4D7CECD27:inventory:2025-11-13":{"firstAlertDate":"2026-05-20T11:39:12.690Z","lastAlertDate":"2026-05-30T05:10:21.358Z","alertCount":9,"severity":"overdue","dismissed":false},"matter_089312CB288E47D5BB7472D4D7CECD27:alternate_valuation_date:2025-12-25":{"firstAlertDate":"2026-05-20T11:39:12.690Z","lastAlertDate":"2026-05-30T05:10:21.358Z","alertCount":9,"severity":"overdue","dismissed":false},"matter_089312CB288E47D5BB7472D4D7CECD27:spousal_election:2026-02-11":{"firstAlertDate":"2026-05-20T11:39:12.690Z","lastAlertDate":"2026-05-30T05:10:21.358Z","alertCount":9,"severity":"overdue","dismissed":false},"matter_089312CB288E47D5BB7472D4D7CECD27:disclaimer_deadline:2026-03-25":{"firstAlertDate":"2026-05-20T11:39:12.690Z","lastAlertDate":"2026-05-30T05:10:21.358Z","alertCount":9,"severity":"overdue","dismissed":false},"matter_089312CB288E47D5BB7472D4D7CECD27:estate_tax_return:2026-03-25":{"firstAlertDate":"2026-05-20T11:39:12.690Z","lastAlertDate":"2026-05-30T05:10:21.358Z","alertCount":9,"severity":"overdue","dismissed":false},"matter_089312CB288E47D5BB7472D4D7CECD27:extension_deadline:2026-03-25":{"firstAlertDate":"2026-05-20T11:39:12.690Z","lastAlertDate":"2026-05-30T05:10:21.358Z","alertCount":9,"severity":"overdue","dismissed":false},"matter_089312CB288E47D5BB7472D4D7CECD27:final_1040_due:2026-04-15":{"firstAlertDate":"2026-05-20T11:39:12.690Z","lastAlertDate":"2026-05-30T05:10:21.358Z","alertCount":9,"severity":"overdue","dismissed":false},"matter_AE7F94DC904D4DC19580BF5AA10FCFD5:hearing:2026-06-15":{"firstAlertDate":"2026-05-20T11:39:12.690Z","lastAlertDate":"2026-05-27T12:04:07.110Z","alertCount":2,"severity":"upcoming","dismissed":false},"matter_089312CB288E47D5BB7472D4D7CECD27:creditor_claim_period:2026-06-28":{"firstAlertDate":"2026-05-29T05:10:10.112Z","lastAlertDate":"2026-05-29T05:10:10.112Z","alertCount":1,"severity":"upcoming","dismissed":false},"matter_089312CB288E47D5BB7472D4D7CECD27:pecuniary_devise_interest:2026-06-28":{"firstAlertDate":"2026-05-29T05:10:10.112Z","lastAlertDate":"2026-05-29T05:10:10.112Z","alertCount":1,"severity":"upcoming","dismissed":false}}') ON CONFLICT (key) DO UPDATE SET value=EXCLUDED.value;
INSERT INTO settings (key, value) VALUES ('scanHistory', '{"lastRun":"2026-05-30T12:15:00.633Z","mattersScanned":23,"docsScanned":96,"autoPopulated":0,"flagsRaised":0,"openFlags":37,"highFlags":7,"mediumFlags":30,"results":[{"matterId":"matter_AE7F94DC904D4DC19580BF5AA10FCFD5","matterName":"Tucci","category":"probate","docsFound":0,"classified":0,"findings":[],"scannedAt":"2026-05-30T12:15:00.633Z"},{"matterId":"matter_5DC5542A788E482FA46616C81452E254","matterName":"Berrios","category":"probate","docsFound":15,"classified":1,"findings":[{"docType":"DEATH_CERTIFICATE","filename":"Death Certificate jennifer berrios verification.pdf"}],"scannedAt":"2026-05-30T12:15:00.633Z"},{"matterId":"matter_CF9079F8413F490FA14700409E8476CD","matterName":"Atwood","category":"probate","docsFound":4,"classified":1,"findings":[{"docType":"DEATH_CERTIFICATE","filename":"MelodyAtwood-DeathCertificate.pdf"}],"scannedAt":"2026-05-30T12:15:00.633Z"},{"matterId":"matter_16A4D736D4704CFCBEA8AD931311A74B","matterName":"Brown","category":"probate","docsFound":4,"classified":0,"findings":[],"scannedAt":"2026-05-30T12:15:00.633Z"},{"matterId":"matter_6CD1104853114176A3349B2B686A4DEF","matterName":"Ostiguy","category":"probate","docsFound":7,"classified":0,"findings":[],"scannedAt":"2026-05-30T12:15:00.633Z"},{"matterId":"matter_089312CB288E47D5BB7472D4D7CECD27","matterName":"Ziegler","category":"probate","docsFound":1,"classified":0,"findings":[],"scannedAt":"2026-05-30T12:15:00.633Z"},{"matterId":"matter_55FCA675360A4046A54C05574AD679C6","matterName":"Hareld","category":"probate","docsFound":2,"classified":1,"findings":[{"docType":"DEATH_CERTIFICATE","filename":"DEATH CERTIFICATE.pdf"}],"scannedAt":"2026-05-30T12:15:00.633Z"},{"matterId":"matter_B3C1A057BFDC4935891678771AF35DE1","matterName":"Powell","category":"probate","docsFound":0,"classified":0,"findings":[],"scannedAt":"2026-05-30T12:15:00.633Z"},{"matterId":"matter_65FAFB918C9B4B02A65F4DB32FAF7D53","matterName":"DeBrave","category":"guardianship","docsFound":13,"classified":0,"findings":[],"scannedAt":"2026-05-30T12:15:00.633Z"},{"matterId":"matter_3562E560C5BD461BA8456288CCACAEE8","matterName":"cedwardsd@gmail.com","category":"probate","docsFound":0,"classified":0,"findings":[],"scannedAt":"2026-05-30T12:15:00.633Z"},{"matterId":"matter_8A1F9C4A350F43EF9551857818FCC46A","matterName":"Roberts","category":"probate","docsFound":0,"classified":0,"findings":[],"scannedAt":"2026-05-30T12:15:00.633Z"},{"matterId":"matter_98CF112D00804C41B6F3D7C199D0527E","matterName":"Packer","category":"litigation","docsFound":2,"classified":0,"findings":[],"scannedAt":"2026-05-30T12:15:00.633Z"},{"matterId":"matter_362827BB8306449C873E8D4E6710F778","matterName":"Chong","category":"probate","docsFound":10,"classified":2,"findings":[{"docType":"DEATH_CERTIFICATE","filename":"Stan Pdf death certificate 2025-11-06.pdf"},{"docType":"WILL","filename":"Stanford Chong Will.pdf"}],"scannedAt":"2026-05-30T12:15:00.633Z"},{"matterId":"matter_745C66D70ECE4C04AC1C803ADF8C1169","matterName":"Edwards","category":"probate","docsFound":4,"classified":0,"findings":[],"scannedAt":"2026-05-30T12:15:00.633Z"},{"matterId":"matter_D51E15C686984C17BDBF40C09C40AC13","matterName":"Sheridan","category":"probate","docsFound":0,"classified":0,"findings":[],"scannedAt":"2026-05-30T12:15:00.633Z"},{"matterId":"matter_4F72FDEA78D2460C9D6D18A9E924D5AA","matterName":"Simon","category":"probate","docsFound":0,"classified":0,"findings":[],"scannedAt":"2026-05-30T12:15:00.633Z"},{"matterId":"matter_20273513E59640BD954DFE230CC0D608","matterName":"Barreira 0l, Barreira","category":"probate","docsFound":1,"classified":0,"findings":[],"scannedAt":"2026-05-30T12:15:00.633Z"},{"matterId":"matter_60380EEA0BBB4DBDA4A38EA50B5AAB7F","matterName":"Choung","category":"probate","docsFound":0,"classified":0,"findings":[],"scannedAt":"2026-05-30T12:15:00.633Z"},{"matterId":"matter_942CEA43D0FD46F2A3FCB18EBFD8DCEB","matterName":"Kelley","category":"probate","docsFound":0,"classified":0,"findings":[],"scannedAt":"2026-05-30T12:15:00.633Z"},{"matterId":"matter_6F43AE5B14A34746AE278EEF4F52F100","matterName":"Noel","category":"probate","docsFound":22,"classified":2,"findings":[{"docType":"DEATH_CERTIFICATE","filename":"Richard Noel Death Certicate pg2.jpg"},{"docType":"DEATH_CERTIFICATE","filename":"Richard Noel Death Certicate pg1.jpg"},{"docType":"DEATH_CERTIFICATE","filename":"Richard Noel Death Certicate pg2.jpg"},{"docType":"DEATH_CERTIFICATE","filename":"Richard Noel Death Certicate pg1.jpg"},{"docType":"WILL","filename":"Executed Will.pdf"}],"scannedAt":"2026-05-30T12:15:00.633Z"},{"matterId":"matter_691622A6AEA342AC805E29F5BD4A21DC","matterName":"Hubbard","category":"guardianship","docsFound":1,"classified":0,"findings":[],"scannedAt":"2026-05-30T12:15:00.633Z"},{"matterId":"matter_BD2DBAE166C242F98C58CB01F4413308","matterName":"Alieu","category":"probate","docsFound":10,"classified":1,"findings":[{"docType":"DEATH_CERTIFICATE","filename":"image.jpg"},{"docType":"DEATH_CERTIFICATE","filename":"image.jpg"}],"scannedAt":"2026-05-30T12:15:00.633Z"},{"matterId":"matter_EBB1E0F5929145EF8C217A04E01FDBB1","matterName":"Reed","category":"guardianship","docsFound":0,"classified":0,"findings":[],"scannedAt":"2026-05-30T12:15:00.633Z"}],"errors":[]}') ON CONFLICT (key) DO UPDATE SET value=EXCLUDED.value;

COMMIT;

-- Done.
